255 255 255 255 255 255 255 255 255 255 255 255 255 255 255 255 255 255 255 255 255 255 255 255 255 255 255 255 255 255 255 255 255 255 255 255 255 255 255 255 255 255 255 255 255 255 255 255 255 255 255 255 255 255 255 255 255 255 255 255 255 255 255 255 255 255 255 255 255 255 255 255 255 255 255 255 255 255 255 255 255 255 255 255 255 255 255 255 255 255 255 255 255 255 255 255 255 255 255 255 255 255 255 255 255 255 255 255 255 255 255 255 255 255 255 255 255 255 255 255 255 255 255 255 255 255 255 255 255 255 255 255 255 255 255 255 255 255 255 255 255 255 255 255 255 255 255 255 255 255 255 255 255 255 255 255 255 255 255 255 255 255 255 255 255 255 255 255 255 255 255 255 255 255 255 255 255 255 255 255 255 255 255 255 255 255 255 255 255 255 255 255 255 255 255 255 255 255 255 255 255 255 255 255 255 255 255 255 255 255 255 255 255 255 255 255 255 255 255 255 255 255 255 255 255 255 255 255 255 255 255 255 255 255 255 255 255 255 255 255 255 255 255 255 255 255 255 255 255 255 255 255 255 255 255 255 255 255 255 255 255 255 255 255 255 255
255 255 255 255 255 255 255 255 255 255 255 255 255 255 255 255 255 255 255 255 255 255 255 255 255 255 255 255 255 255 255 255 255 255 255 255 255 255 255 255 255 255 255 255 255 255 255 255 255 255 255 255 255 255 255 255 255 255 255 255 255 255 255 255 255 255 255 255 255 255 255 255 255 255 255 255 255 255 255 255 255 255 255 255 255 255 255 255 255 255 255 255 255 255 255 255 255 255 255 255 255 255 255 255 255 255 255 255 255 255 255 255 255 255 255 255 255 255 255 255 255 255 255 255 255 255 255 255 255 255 255 255 255 255 255 255 255 255 255 255 255 255 255 255 255 255 255 255 255 255 255 255 255 255 255 255 255 255 255 255 255 255 255 255 255 255 255 255 255 255 255 255 255 255 255 255 255 255 255 255 255 255 255 255 255 255 255 255 255 255 255 255 255 255 255 255 255 255 255 255 255 255 255 255 255 255 255 255 255 255 255 255 255 255 255 255 255 255 255 255 255 255 255 255 255 255 255 255 255 255 255 255 255 255 255 255 255 255 255 255 255 255 255 255 255 255 255 255 255 255 255 255 255 255 255 255 255 255 255 255 255 255 255 255 255 255
255 255 255 255 255 255 255 255 255 255 255 255 255 255 255 255 255 255 255 255 255 255 255 255 255 255 255 255 255 255 255 255 255 255 255 255 255 255 255 255 255 255 255 255 255 255 255 255 255 255 255 255 255 255 255 255 255 255 255 255 255 255 255 255 255 255 255 255 255 255 255 255 255 255 255 255 255 255 255 255 255 255 255 255 255 255 255 255 255 255 255 255 255 255 255 255 255 255 255 255 255 255 255 255 255 255 255 255 255 255 255 255 255 255 255 255 255 255 255 255 255 255 255 255 255 255 255 255 255 255 255 255 255 255 255 255 255 255 255 255 255 255 255 255 255 255 255 255 255 255 255 255 255 255 255 255 255 255 255 255 255 255 255 255 255 255 255 255 255 255 255 255 255 255 255 255 255 255 255 255 255 255 255 255 255 255 255 255 255 255 255 255 255 255 255 255 255 255 255 255 255 255 255 255 255 255 255 255 255 255 255 255 255 255 255 255 255 255 255 255 255 255 255 255 255 255 255 255 255 255 255 255 255 255 255 255 255 255 255 255 255 255 255 255 255 255 255 255 255 255 255 255 255 255 255 255 255 255 255 255 255 255 255 255 255 255
255 255 255 255 255 255 255 255 255 255 255 255 255 255 255 255 255 255 255 255 255 255 255 255 255 255 255 255 255 255 255 255 255 255 255 255 255 255 255 255 255 255 255 255 255 255 255 255 255 255 255 255 255 255 255 255 255 255 255 255 255 255 255 255 255 255 255 255 255 255 255 255 255 255 255 255 255 255 255 255 255 255 255 255 255 255 255 255 255 255 255 255 255 255 255 255 255 255 255 255 255 255 255 255 255 255 255 255 255 255 255 255 255 255 255 255 255 255 255 255 255 255 255 255 255 255 255 255 255 255 255 255 255 255 255 255 255 255 255 255 255 255 255 255 255 255 255 255 255 255 255 255 255 255 255 255 255 255 255 255 255 255 255 255 255 255 255 255 255 255 255 255 255 255 255 255 255 255 255 255 255 255 255 255 255 255 255 255 255 255 255 255 255 255 255 255 255 255 255 255 255 255 255 255 255 255 255 255 255 255 255 255 255 255 255 255 255 255 255 255 255 255 255 255 255 255 255 255 255 255 255 255 255 255 255 255 255 255 255 255 255 255 255 255 255 255 255 255 255 255 255 255 255 255 255 255 255 255 255 255 255 255 255 255 255 255
255 255 255 255 255 255 255 255 255 255 255 255 255 255 255 255 255 255 255 255 255 255 255 255 255 255 255 255 255 255 255 255 255 255 255 255 255 255 255 255 255 255 255 255 255 255 255 255 255 255 255 255 255 255 255 255 255 255 255 255 255 255 255 255 255 255 255 255 255 255 255 255 255 255 255 255 255 255 255 255 255 255 255 255 255 255 255 255 255 255 255 255 255 255 255 255 255 255 255 255 255 255 255 255 255 255 255 255 255 255 255 255 255 255 255 255 255 255 255 255 255 255 255 255 255 255 255 255 255 255 255 255 255 255 255 255 255 255 255 255 255 255 255 255 255 255 255 255 255 255 255 255 255 255 255 255 255 255 255 255 255 255 255 255 255 255 255 255 255 255 255 255 255 255 255 255 255 255 255 255 255 255 255 255 255 255 255 255 255 255 255 255 255 255 255 255 255 255 255 255 255 255 255 255 255 255 255 255 255 255 255 255 255 255 255 255 255 255 255 255 255 255 255 255 255 255 255 255 255 255 255 255 255 255 255 255 255 255 255 255 255 255 255 255 255 255 255 255 255 255 255 255 255 255 255 255 255 255 255 255 255 255 255 255 255 255
255 255 255 255 255 255 255 255 255 255 255 255 255 255 255 255 255 255 255 255 255 255 255 255 255 255 255 255 255 255 255 255 255 255 255 255 255 255 255 255 255 255 255 255 255 255 255 255 255 255 255 255 255 255 255 255 255 255 255 255 255 255 255 255 255 255 255 255 255 255 255 255 255 255 255 255 255 255 255 255 255 255 255 255 255 255 255 255 255 255 255 255 255 255 255 255 255 255 255 255 255 255 255 255 255 255 255 255 255 255 255 255 255 255 255 255 255 255 255 255 255 255 255 255 255 255 255 255 255 255 255 255 255 255 255 255 255 255 255 255 255 255 255 255 255 255 255 255 255 255 255 255 255 255 255 255 255 255 255 255 255 255 255 255 255 255 255 255 255 255 255 255 255 255 255 255 255 255 255 255 255 255 255 255 255 255 255 255 255 255 255 255 255 255 255 255 255 255 255 255 255 255 255 255 255 255 255 255 255 255 255 255 255 255 255 255 255 255 255 255 255 255 255 255 255 255 255 255 255 255 255 255 255 255 255 255 255 255 255 255 255 255 255 255 255 255 255 255 255 255 255 255 255 255 255 255 255 255 255 255 255 255 255 255 255 255
255 255 255 255 255 255 255 255 255 255 255 255 255 255 255 255 255 255 255 255 255 255 255 255 255 255 255 255 255 255 255 255 255 255 255 255 255 255 255 255 255 255 255 255 255 255 255 255 255 255 255 255 255 255 255 255 255 255 255 255 255 255 255 255 255 255 255 255 255 255 255 255 255 255 255 255 255 255 255 255 255 255 255 255 255 255 255 255 255 255 255 255 255 255 255 255 255 255 255 255 255 255 255 255 255 255 255 255 255 255 255 255 255 255 255 255 255 255 255 255 255 255 255 255 255 255 255 255 255 255 255 255 255 255 255 255 255 255 255 255 255 255 255 255 255 255 255 255 255 255 255 255 255 255 255 255 255 255 255 255 255 255 255 255 255 255 255 255 255 255 255 255 255 255 255 255 255 255 255 255 255 255 255 255 255 255 255 255 255 255 255 255 255 255 255 255 255 255 255 255 255 255 255 255 255 255 255 255 255 255 255 255 255 255 255 255 255 255 255 255 255 255 255 255 255 255 255 255 255 255 255 255 255 255 255 255 255 255 255 255 255 255 255 255 255 255 255 255 255 255 255 255 255 255 255 255 255 255 255 255 255 255 255 255 255 255
255 255 255 255 255 255 255 255 255 255 255 255 255 255 255 255 255 255 255 255 255 255 255 255 255 255 255 255 255 255 255 255 255 255 255 255 255 255 255 255 255 255 255 255 255 255 255 255 255 255 255 255 255 255 255 255 255 255 255 255 255 255 255 255 255 255 255 255 255 255 255 255 255 255 255 255 255 255 255 255 255 255 255 255 255 255 255 255 255 255 255 255 255 255 255 255 255 255 255 255 255 255 255 255 255 255 255 255 255 255 255 255 255 255 255 255 255 255 255 255 255 255 255 255 255 255 255 255 255 255 255 255 255 255 255 255 255 255 255 255 255 255 255 255 255 255 255 255 255 255 255 255 255 255 255 255 255 255 255 255 255 255 255 255 255 255 255 255 255 255 255 255 255 255 255 255 255 255 255 255 255 255 255 255 255 255 255 255 255 255 255 255 255 255 255 255 255 255 255 255 255 255 255 255 255 255 255 255 255 255 255 255 255 255 255 255 255 255 255 255 255 255 255 255 255 255 255 255 255 255 255 255 255 255 255 255 255 255 255 255 255 255 255 255 255 255 255 255 255 255 255 255 255 255 255 255 255 255 255 255 255 255 255 255 255 255
255 255 255 255 255 255 255 255 255 255 255 255 255 255 255 255 255 255 255 255 255 255 255 255 255 255 255 255 255 255 255 255 255 255 255 255 255 255 255 255 255 255 255 255 255 255 255 255 255 255 255 255 255 255 255 255 255 255 255 255 255 255 255 255 255 255 255 255 255 255 255 255 255 255 255 255 255 255 255 255 255 255 255 255 255 255 255 255 255 255 255 255 255 255 255 255 255 255 255 255 255 255 255 255 255 255 255 255 255 255 255 255 255 255 255 255 255 255 255 255 255 255 255 255 255 255 255 255 255 255 255 255 255 255 255 255 255 255 255 255 255 255 255 255 255 255 255 255 255 255 255 255 255 255 255 255 255 255 255 255 255 255 255 255 255 255 255 255 255 255 255 255 255 255 255 255 255 255 255 255 255 255 255 255 255 255 255 255 255 255 255 255 255 255 255 255 255 255 255 255 255 255 255 255 255 255 255 255 255 255 255 255 255 255 255 255 255 255 255 255 255 255 255 255 255 255 255 255 255 255 255 255 255 255 255 255 255 255 255 255 255 255 255 255 255 255 255 255 255 255 255 255 255 255 255 255 255 255 255 255 255 255 255 255 255 255
255 255 255 255 255 255 255 255 255 255 255 255 255 255 255 255 255 255 255 255 255 255 255 255 255 255 255 255 255 255 255 255 255 255 255 255 255 255 255 255 255 255 255 255 255 255 255 255 255 255 255 255 255 255 255 255 255 255 255 255 255 255 255 255 255 255 255 255 255 255 255 255 255 255 255 255 255 255 255 255 255 255 255 255 255 255 255 255 255 255 255 255 255 255 255 255 255 255 255 255 255 255 255 255 255 255 255 255 255 255 255 255 255 255 255 255 255 255 255 255 255 255 255 255 255 255 255 255 255 255 255 255 255 255 255 255 255 255 255 255 255 255 255 255 255 255 255 255 255 255 255 255 255 255 255 255 255 255 255 255 255 255 255 255 255 255 255 255 255 255 255 255 255 255 255 255 255 255 255 255 255 255 255 255 255 255 255 255 255 255 255 255 255 255 255 255 255 255 255 255 255 255 255 255 255 255 255 255 255 255 255 255 255 255 255 255 255 255 255 255 255 255 255 255 255 255 255 255 255 255 255 255 255 255 255 255 255 255 255 255 255 255 255 255 255 255 255 255 255 255 255 255 255 255 255 255 255 255 255 255 255 255 255 255 255 255
255 255 255 255 255 255 255 255 255 255 255 255 255 255 255 255 255 255 255 255 255 255 255 255 255 255 255 255 255 255 255 255 255 255 255 255 255 255 255 255 255 255 255 255 255 255 255 255 255 255 255 255 255 255 255 255 255 255 255 255 255 255 255 255 255 255 255 255 255 255 255 255 255 255 255 255 255 255 255 255 255 255 255 255 255 255 255 255 255 255 255 255 255 255 255 255 255 255 255 255 255 255 255 255 255 255 255 255 255 255 255 255 255 255 255 255 255 255 255 255 255 255 255 255 255 255 255 255 255 255 255 255 255 255 255 255 255 255 255 255 255 255 255 255 255 255 255 255 255 255 255 255 255 255 255 255 255 255 255 255 255 255 255 255 255 255 255 255 255 255 255 255 255 255 255 255 255 255 255 255 255 255 255 255 255 255 255 255 255 255 255 255 255 255 255 255 255 255 255 255 255 255 255 255 255 255 255 255 255 255 255 255 255 255 255 255 255 255 255 255 255 255 255 255 255 255 255 255 255 255 255 255 255 255 255 255 255 255 255 255 255 255 255 255 255 255 255 255 255 255 255 255 255 255 255 255 255 255 255 255 255 255 255 255 255 255
255 255 255 255 255 255 255 255 255 255 255 255 255 255 255 255 255 255 255 255 255 255 255 255 255 255 255 255 255 255 255 255 255 255 255 255 255 255 255 255 255 255 255 255 255 255 255 255 255 255 255 255 255 255 255 255 255 255 255 255 255 255 255 255 255 255 255 255 255 255 255 255 255 255 255 255 255 255 255 255 255 255 255 255 255 255 255 255 255 255 255 255 255 255 255 255 255 255 255 255 255 255 255 255 255 255 255 255 255 255 255 255 255 255 255 255 255 255 255 255 255 255 255 255 255 255 255 255 255 255 255 255 255 255 255 255 255 255 255 255 255 255 255 255 255 255 255 255 255 255 255 255 255 255 255 255 255 255 255 255 255 255 255 255 255 255 255 255 255 255 255 255 255 255 255 255 255 255 255 255 255 255 255 255 255 255 255 255 255 255 255 255 255 255 255 255 255 255 255 255 255 255 255 255 255 255 255 255 255 255 255 255 255 255 255 255 255 255 255 255 255 255 255 255 255 255 255 255 255 255 255 255 255 255 255 255 255 255 255 255 255 255 255 255 255 255 255 255 255 255 255 255 255 255 255 255 255 255 255 255 255 255 255 255 255 255
255 255 255 255 255 255 255 255 255 255 255 255 255 255 255 255 255 255 255 255 255 255 255 255 255 255 255 255 255 255 255 255 255 255 255 255 255 255 255 255 255 255 255 255 255 255 255 255 255 255 255 255 255 255 255 255 255 255 255 255 255 255 255 255 255 255 255 255 255 255 255 255 255 255 255 255 255 255 255 255 255 255 255 255 255 255 255 255 255 255 255 255 255 255 255 255 255 255 255 255 255 255 255 255 255 255 255 255 255 255 255 255 255 255 255 255 255 255 255 255 255 255 255 255 255 255 255 255 255 255 255 255 255 255 255 255 255 255 255 255 255 255 255 255 255 255 255 255 255 255 255 255 255 255 255 255 255 255 255 255 255 255 255 255 255 255 255 255 255 255 255 255 255 255 255 255 255 255 255 255 255 255 255 255 255 255 255 255 255 255 255 255 255 255 255 255 255 255 255 255 255 255 255 255 255 255 255 255 255 255 255 255 255 255 255 255 255 255 255 255 255 255 255 255 255 255 255 255 255 255 255 255 255 255 255 255 255 255 255 255 255 255 255 255 255 255 255 255 255 255 255 255 255 255 255 255 255 255 255 255 255 255 255 255 255 255
255 255 255 255 255 255 255 255 255 255 255 255 255 255 255 255 255 255 255 255 255 255 255 255 255 255 255 255 255 255 255 255 255 255 255 255 255 255 255 255 255 255 255 255 255 255 255 255 255 255 255 255 255 255 255 255 255 255 255 255 255 255 255 255 255 255 255 255 255 255 255 255 255 255 255 255 255 255 255 255 255 255 255 255 255 255 255 255 255 255 255 255 255 255 255 255 255 255 255 255 255 255 255 255 255 255 255 255 255 255 255 255 255 255 255 255 255 255 255 255 255 255 255 255 255 255 255 255 255 255 255 255 255 255 255 255 255 255 255 255 255 255 255 255 255 255 255 255 255 255 255 255 255 255 255 255 255 255 255 255 255 255 255 255 255 255 255 255 255 255 255 255 255 255 255 255 255 255 255 255 255 255 255 255 255 255 255 255 255 255 255 255 255 255 255 255 255 255 255 255 255 255 255 255 255 255 255 255 255 255 255 255 255 255 255 255 255 255 255 255 255 255 255 255 255 255 255 255 255 255 255 255 255 255 255 255 255 255 255 255 255 255 255 255 255 255 255 255 255 255 255 255 255 255 255 255 255 255 255 255 255 255 255 255 255 255
255 255 255 255 255 255 255 255 255 255 255 255 255 255 255 255 255 255 255 255 255 255 255 255 255 255 255 255 255 255 255 255 255 255 255 255 255 255 255 255 255 255 255 255 255 255 255 255 255 255 255 255 255 255 255 255 255 255 255 255 255 255 255 255 255 255 255 255 255 255 255 255 255 255 255 255 255 255 255 255 255 255 255 255 255 255 255 255 255 255 255 255 255 255 255 255 255 255 255 255 255 255 255 255 255 255 255 255 255 255 255 255 255 255 255 255 255 255 255 255 255 255 255 255 255 255 255 255 255 255 255 255 255 255 255 255 255 255 255 255 255 255 255 255 255 255 255 255 255 255 255 255 255 255 255 255 255 255 255 255 255 255 255 255 255 255 255 255 255 255 255 255 255 255 255 255 255 255 255 255 255 255 255 255 255 255 255 255 255 255 255 255 255 255 255 255 255 255 255 255 255 255 255 255 255 255 255 255 255 255 255 255 255 255 255 255 255 255 255 255 255 255 255 255 255 255 255 255 255 255 255 255 255 255 255 255 255 255 255 255 255 255 255 255 255 255 255 255 255 255 255 255 255 255 255 255 255 255 255 255 255 255 255 255 255 255
255 255 255 255 255 255 255 255 255 255 255 255 255 255 255 255 255 255 255 255 255 255 255 255 255 255 255 255 255 255 255 255 255 255 255 255 255 255 255 255 255 255 255 255 255 255 255 255 255 255 255 255 255 255 255 255 255 255 255 255 255 255 255 255 255 255 255 255 255 255 255 255 255 255 255 255 255 255 255 255 255 255 255 255 255 255 255 255 255 255 255 255 255 255 255 255 255 255 255 255 255 255 255 255 255 255 255 255 255 255 255 255 255 255 255 255 255 255 255 255 255 255 255 255 255 255 255 255 255 255 255 255 255 255 255 255 255 255 255 255 255 255 255 255 255 255 255 255 255 255 255 255 255 255 255 255 255 255 255 255 255 255 255 255 255 255 255 255 255 255 255 255 255 255 255 255 255 255 255 255 255 255 255 255 255 255 255 255 255 255 255 255 255 255 255 255 255 255 255 255 255 255 255 255 255 255 255 255 255 255 255 255 255 255 255 255 255 255 255 255 255 255 255 255 255 255 255 255 255 255 255 255 255 255 255 255 255 255 255 255 255 255 255 255 255 255 255 255 255 255 255 255 255 255 255 255 255 255 255 255 255 255 255 255 255 255
255 255 255 255 255 255 255 255 255 255 255 255 255 255 255 255 255 255 255 255 255 255 255 255 255 255 255 255 255 255 255 255 255 255 255 255 255 255 255 255 255 255 255 255 255 255 255 255 255 255 255 255 255 255 255 255 255 255 255 255 255 255 255 255 255 255 255 255 255 255 255 255 255 255 255 255 255 255 255 255 255 255 255 255 255 255 255 255 255 255 255 255 255 255 255 255 255 255 255 255 255 255 255 255 255 255 255 255 255 255 255 255 255 255 255 255 255 255 255 255 255 255 255 255 255 255 255 255 255 255 255 255 255 255 255 255 255 255 255 255 255 255 255 255 255 255 255 255 255 255 255 255 255 255 255 255 255 255 255 255 255 255 255 255 255 255 255 255 255 255 255 255 255 255 255 255 255 255 255 255 255 255 255 255 255 255 255 255 255 255 255 255 255 255 255 255 255 255 255 255 255 255 255 255 255 255 255 255 255 255 255 255 255 255 255 255 255 255 255 255 255 255 255 255 255 255 255 255 255 255 255 255 255 255 255 255 255 255 255 255 255 255 255 255 255 255 255 255 255 255 255 255 255 255 255 255 255 255 255 255 255 255 255 255 255 255
255 255 255 255 255 255 255 255 255 255 255 255 255 255 255 255 255 255 255 255 255 255 255 255 255 255 255 255 255 255 255 255 255 255 255 255 255 255 255 255 255 255 255 255 255 255 255 255 255 255 255 255 255 255 255 255 255 255 255 255 255 255 255 255 255 255 255 255 255 255 255 255 255 255 255 255 255 255 255 255 255 255 255 255 255 255 255 255 255 255 255 255 255 255 255 255 255 255 255 255 255 255 255 255 255 255 255 255 255 255 255 255 255 255 255 255 255 255 255 255 255 255 255 255 255 255 255 255 255 255 255 255 255 255 255 255 255 255 255 255 255 255 255 255 255 255 255 255 255 255 255 255 255 255 255 255 255 255 255 255 255 255 255 255 255 255 255 255 255 255 255 255 255 255 255 255 255 255 255 255 255 255 255 255 255 255 255 255 255 255 255 255 255 255 255 255 255 255 255 255 255 255 255 255 255 255 255 255 255 255 255 255 255 255 255 255 255 255 255 255 255 255 255 255 255 255 255 255 255 255 255 255 255 255 255 255 255 255 255 255 255 255 255 255 255 255 255 255 255 255 255 255 255 255 255 255 255 255 255 255 255 255 255 255 255 255
255 255 255 255 255 255 255 255 255 255 255 255 255 255 255 255 255 255 255 255 255 255 255 255 255 255 255 255 255 255 255 255 255 255 255 255 255 255 255 255 255 255 255 255 255 255 255 255 255 255 255 255 255 255 255 255 255 255 255 255 255 255 255 255 255 255 255 255 255 255 255 255 255 255 255 255 255 255 255 255 255 255 255 255 255 255 255 255 255 255 255 255 255 255 255 255 255 255 255 255 255 255 255 255 255 255 255 255 255 255 255 255 255 255 255 255 255 255 255 255 255 255 255 255 255 255 255 255 255 255 255 255 255 255 255 255 255 255 255 255 255 255 255 255 255 255 255 255 255 255 255 255 255 255 255 255 255 255 255 255 255 255 255 255 255 255 255 255 255 255 255 255 255 255 255 255 255 255 255 255 255 255 255 255 255 255 255 255 255 255 255 255 255 255 255 255 255 255 255 255 255 255 255 255 255 255 255 255 255 255 255 255 255 255 255 255 255 255 255 255 255 255 255 255 255 255 255 255 255 255 255 255 255 255 255 255 255 255 255 255 255 255 255 255 255 255 255 255 255 255 255 255 255 255 255 255 255 255 255 255 255 255 255 255 255 255
255 255 255 255 255 255 255 255 255 255 255 255 255 255 255 255 255 255 255 255 255 255 255 255 255 255 255 255 255 255 255 255 255 255 255 255 255 255 255 255 255 255 255 255 255 255 255 255 255 255 255 255 255 255 255 255 255 255 255 255 255 255 255 255 255 255 255 255 255 255 255 255 255 255 255 255 255 255 255 255 255 255 255 255 255 255 255 255 255 255 255 255 255 255 255 255 255 255 255 255 255 255 255 255 255 255 255 255 255 255 255 255 255 255 255 255 255 255 255 255 255 255 255 255 255 255 255 255 255 255 255 255 255 255 255 255 255 255 255 255 255 255 255 255 255 255 255 255 255 255 255 255 255 255 255 255 255 255 255 255 255 255 255 255 255 255 255 255 255 255 255 255 255 255 255 255 255 255 255 255 255 255 255 255 255 255 255 255 255 255 255 255 255 255 255 255 255 255 255 255 255 255 255 255 255 255 255 255 255 255 255 255 255 255 255 255 255 255 255 255 255 255 255 255 255 255 255 255 255 255 255 255 255 255 255 255 255 255 255 255 255 255 255 255 255 255 255 255 255 255 255 255 255 255 255 255 255 255 255 255 255 255 255 255 255 255
255 255 255 255 255 255 255 255 255 255 255 255 255 255 255 255 255 255 255 255 255 255 255 255 255 255 255 255 255 255 255 255 255 255 255 255 255 255 255 255 255 255 255 255 255 255 255 255 255 255 255 255 255 255 255 255 255 255 255 255 255 255 255 255 255 255 255 255 255 255 255 255 255 255 255 255 255 255 255 255 255 255 255 255 255 255 255 255 255 255 255 255 255 255 255 255 255 255 255 255 255 255 255 255 255 255 255 255 255 255 255 255 255 255 255 255 255 255 255 255 255 255 255 255 255 255 255 255 255 255 255 255 255 255 255 255 255 255 255 255 255 255 255 255 255 255 255 255 255 255 255 255 255 255 255 255 255 255 255 255 255 255 255 255 255 255 255 255 255 255 255 255 255 255 255 255 255 255 255 255 255 255 255 255 255 255 255 255 255 255 255 255 255 255 255 255 255 255 255 255 255 255 255 255 255 255 255 255 255 255 255 255 255 255 255 255 255 255 255 255 255 255 255 255 255 255 255 255 255 255 255 255 255 255 255 255 255 255 255 255 255 255 255 255 255 255 255 255 255 255 255 255 255 255 255 255 255 255 255 255 255 255 255 255 255 255
255 255 255 255 255 255 255 255 255 255 255 255 255 255 255 255 255 255 255 255 255 255 255 255 255 255 255 255 255 255 255 255 255 255 255 255 255 255 255 255 255 255 255 255 255 255 255 255 255 255 255 255 255 255 255 255 255 255 255 255 255 255 255 255 255 255 255 255 255 255 255 255 255 255 255 255 255 255 255 255 255 255 255 255 255 255 255 255 255 255 255 255 255 255 255 255 255 255 255 255 255 255 255 255 255 255 255 255 255 255 255 255 255 255 255 255 255 255 255 255 255 255 255 255 255 255 255 255 255 255 255 255 255 255 255 255 255 255 255 255 255 255 255 255 255 255 255 255 255 255 255 255 255 255 255 255 255 255 255 255 255 255 255 255 255 255 255 255 255 255 255 255 255 255 255 255 255 255 255 255 255 255 255 255 255 255 255 255 255 255 255 255 255 255 255 255 255 255 255 255 255 255 255 255 255 255 255 255 255 255 255 255 255 255 255 255 255 255 255 255 255 255 255 255 255 255 255 255 255 255 255 255 255 255 255 255 255 255 255 255 255 255 255 255 255 255 255 255 255 255 255 255 255 255 255 255 255 255 255 255 255 255 255 255 255 255
255 255 255 255 255 255 255 255 255 255 255 255 255 255 255 255 255 255 250 250 250 250 250 250 250 250 250 250 250 250 250 250 250 250 250 250 250 250 250 250 250 250 250 250 250 250 250 250 250 250 250 250 250 250 250 250 250 250 250 250 250 250 250 250 250 250 250 250 250 250 250 250 250 250 250 255 255 255 255 255 250 250 250 250 250 250 250 250 250 250 250 250 250 250 250 250 250 250 250 250 250 250 250 250 250 250 250 250 250 250 250 250 250 250 250 250 250 250 250 250 250 250 250 250 250 250 250 250 250 250 250 250 250 250 250 250 250 250 255 255 255 255 255 250 250 250 250 250 250 250 250 250 250 250 250 250 250 250 250 250 250 250 250 250 250 250 250 250 250 250 250 250 250 250 250 250 250 250 250 250 250 250 250 250 250 250 250 250 250 250 250 250 250 250 250 250 250 250 250 250 255 255 255 255 255 250 250 250 250 250 250 250 250 250 250 250 250 250 250 250 250 250 250 250 250 250 250 250 250 250 250 250 250 250 250 250 250 250 250 250 250 250 250 250 250 250 250 250 250 250 250 250 250 250 250 250 250 250 250 250 250 250 250 255 255 255
255 255 255 255 255 255 255 255 255 255 255 255 255 255 255 255 255 190 13 27 19 19 19 19 19 19 19 19 19 19 19 19 19 19 19 19 19 19 19 19 19 19 19 19 19 19 19 19 19 19 19 19 19 19 19 19 19 19 19 19 19 19 19 19 19 19 19 19 19 19 19 19 19 27 13 194 255 255 255 239 111 14 23 19 19 19 19 19 19 19 19 19 19 19 19 19 19 19 19 19 19 19 19 19 19 19 19 19 19 19 19 19 19 19 19 19 19 19 19 19 19 19 19 19 19 19 19 19 19 19 19 19 19 19 19 23 14 88 227 255 255 255 222 13 27 19 19 19 19 19 19 19 19 19 19 19 19 19 19 19 19 19 19 19 19 19 19 19 19 19 19 19 19 19 19 19 19 19 19 19 19 19 19 19 19 19 19 19 19 19 19 19 19 19 19 19 19 19 27 13 166 250 255 255 250 161 13 27 19 19 19 19 19 19 19 19 19 19 19 19 19 19 19 19 19 19 19 19 19 19 19 19 19 19 19 19 19 19 19 19 19 19 19 19 19 19 19 19 19 19 19 19 19 19 19 19 19 19 19 19 19 27 27 211 255 255
255 255 255 255 255 255 255 255 255 255 255 255 255 255 255 255 255 194 13 71 97 97 97 97 97 97 97 97 97 97 97 97 97 97 97 97 97 97 97 97 97 97 97 97 97 97 97 97 97 97 97 97 97 97 97 97 97 97 97 97 97 97 97 97 97 97 97 97 97 97 97 97 97 71 13 194 255 255 255 239 111 30 86 102 97 97 97 97 97 97 97 97 97 97 97 97 97 97 97 97 97 97 97 97 97 97 97 97 97 97 97 97 97 97 97 97 97 97 97 97 97 97 97 97 97 97 97 97 97 97 97 97 97 97 97 86 34 102 227 255 255 255 222 13 59 97 97 97 97 97 97 97 97 97 97 97 97 97 97 97 97 97 97 97 97 97 97 97 97 97 97 97 97 97 97 97 97 97 97 97 97 97 97 97 97 97 97 97 97 97 97 97 97 97 97 97 97 97 79 14 166 250 255 255 250 166 14 79 102 97 97 97 97 97 97 97 97 97 97 97 97 97 97 97 97 97 97 97 97 97 97 97 97 97 97 97 97 97 97 97 97 97 97 97 97 97 97 97 97 97 97 97 97 97 97 97 97 97 97 97 97 59 38 211 255 255
255 255 255 255 255 255 255 255 255 255 255 255 255 255 255 255 255 194 13 143 227 227 227 227 227 227 227 227 227 227 227 227 227 227 227 227 227 227 227 227 227 227 227 227 227 227 227 227 227 227 227 227 227 227 227 227 227 227 227 227 227 227 227 227 227 227 227 227 227 227 227 227 222 135 13 194 255 255 255 243 111 59 182 227 227 227 227 227 227 227 227 227 227 227 227 227 227 227 227 227 227 227 227 227 227 227 227 227 227 227 227 227 227 227 227 227 227 227 227 227 227 227 227 227 227 227 227 227 227 227 227 227 227 227 227 203 67 97 227 255 255 255 222 13 117 211 227 227 227 227 227 227 227 227 227 227 227 227 227 227 227 227 227 227 227 227 227 227 227 227 227 227 227 227 227 227 227 227 227 227 227 227 227 227 227 227 227 227 227 227 227 227 227 227 227 227 227 227 166 13 173 255 255 255 250 166 13 166 239 227 227 227 227 227 227 227 227 227 227 227 227 227 227 227 227 227 227 227 227 227 227 227 227 227 227 227 227 227 227 227 227 227 227 227 227 227 227 227 227 227 227 227 227 227 227 227 227 227 227 227 211 117 30 211 255 255
255 255 255 255 255 255 255 255 255 255 255 255 255 255 255 255 255 194 13 161 255 255 255 255 255 255 255 255 255 255 255 255 255 255 255 255 255 255 255 255 255 255 255 255 255 255 255 255 255 255 255 255 255 255 255 255 255 255 255 255 255 255 255 255 255 255 255 255 255 255 255 255 250 149 13 194 255 255 255 243 111 59 203 255 255 255 255 255 255 255 255 255 255 255 255 255 255 255 255 255 255 255 255 255 255 255 255 255 255 255 255 255 255 255 255 255 255 255 255 255 255 255 255 255 255 255 255 255 255 255 255 255 255 255 255 222 67 97 227 255 255 255 222 13 135 243 255 255 255 255 255 255 255 255 255 255 255 255 255 255 255 255 255 255 255 255 255 255 255 255 255 255 255 255 255 255 255 255 255 255 255 255 255 255 255 255 255 255 255 255 255 255 255 255 255 255 255 255 182 13 173 255 255 255 250 166 13 182 255 255 255 255 255 255 255 255 255 255 255 255 255 255 255 255 255 255 255 255 255 255 255 255 255 255 255 255 255 255 255 255 255 255 255 255 255 255 255 255 255 255 255 255 255 255 255 255 255 255 255 255 239 135 27 211 255 255
255 255 255 255 255 255 255 255 255 255 255 255 255 255 255 255 255 194 13 161 255 255 255 255 255 255 255 255 255 255 255 255 255 255 255 255 255 255 255 255 255 255 255 255 255 255 255 255 255 255 255 255 255 255 255 255 255 255 255 255 255 255 255 255 255 255 255 255 255 255 255 255 243 149 13 194 255 255 255 243 111 59 203 255 255 255 255 255 255 255 255 255 255 255 255 255 255 255 255 255 255 255 255 255 255 255 255 255 255 255 255 255 255 255 255 255 255 255 255 255 255 255 255 255 255 255 255 255 255 255 255 255 255 255 255 222 67 97 227 255 255 255 222 13 135 243 255 255 255 255 255 255 255 255 255 255 255 255 255 255 255 255 255 255 255 255 255 255 255 255 255 255 255 255 255 255 255 255 255 255 255 255 255 255 255 255 255 255 255 255 255 255 255 255 255 255 255 255 182 13 173 255 255 255 250 166 13 173 255 255 255 255 255 255 255 255 255 255 255 255 255 255 255 255 255 255 255 255 255 255 255 255 255 255 255 255 255 255 255 255 255 255 255 255 255 255 255 255 255 255 255 255 255 255 255 255 255 255 255 255 239 130 27 211 255 255
255 255 255 255 255 255 255 255 255 255 255 255 255 255 255 255 255 194 13 161 255 255 255 255 255 255 255 255 255 255 255 255 255 255 255 255 255 255 255 255 255 255 255 255 255 255 255 255 255 255 255 255 255 255 255 255 255 255 255 255 255 255 255 255 255 255 255 255 255 255 255 255 243 149 13 194 255 255 255 243 111 59 203 255 255 255 255 255 255 255 255 255 255 255 255 255 255 255 255 255 255 255 255 255 255 255 255 255 255 255 255 255 255 255 255 255 255 255 255 255 255 255 255 255 255 255 255 255 255 255 255 255 255 255 255 222 67 97 227 255 255 255 222 13 135 243 255 255 255 255 255 255 255 255 255 255 255 255 255 255 255 255 255 255 255 255 255 255 255 255 255 255 255 255 255 255 255 255 255 255 255 255 255 255 255 255 255 255 255 255 255 255 255 255 255 255 255 255 182 13 173 255 255 255 250 166 13 173 255 255 255 255 255 255 255 255 255 255 255 255 255 255 255 255 255 255 255 255 255 255 255 255 255 255 255 255 255 255 255 255 255 255 255 255 255 255 255 255 255 255 255 255 255 255 255 255 255 255 255 255 239 130 27 211 255 255
255 255 255 255 255 255 255 255 255 255 255 255 255 255 255 255 255 194 13 161 255 255 255 255 255 255 255 255 255 255 255 255 255 255 255 255 255 255 255 255 255 255 255 255 255 255 255 255 255 255 255 255 255 255 255 255 255 255 255 255 255 255 255 255 255 255 255 255 255 255 255 255 243 149 13 194 255 255 255 243 111 59 203 255 255 255 255 255 255 255 255 255 255 255 255 255 255 255 255 255 255 255 255 255 255 255 255 255 255 255 255 255 255 255 255 255 255 255 255 255 255 255 255 255 255 255 255 255 255 255 255 255 255 255 255 222 67 97 227 255 255 255 222 13 135 243 255 255 255 255 255 255 255 255 255 255 255 255 255 255 255 255 255 255 255 255 255 255 255 255 255 255 255 255 255 255 255 255 255 255 255 255 255 255 255 255 255 255 255 255 255 255 255 255 255 255 255 255 182 13 173 255 255 255 250 166 13 173 255 255 255 255 255 255 255 255 255 255 255 255 255 255 255 255 255 255 255 255 255 255 255 255 255 255 255 255 255 255 255 255 255 255 255 255 255 255 255 255 255 255 255 255 255 255 255 255 255 255 255 255 239 130 27 211 255 255
255 255 255 255 255 255 255 255 255 255 255 255 255 255 255 255 255 194 13 161 255 255 255 255 255 255 255 255 255 255 255 255 255 255 255 255 255 255 255 255 255 255 255 255 255 255 255 255 255 255 255 255 255 255 255 255 255 255 255 255 255 255 255 255 255 255 255 255 255 255 255 255 243 149 13 194 255 255 255 243 111 59 203 255 255 255 255 255 255 255 255 255 255 255 255 255 255 255 255 255 255 255 255 255 255 255 255 255 255 255 255 255 255 255 255 255 255 255 255 255 255 255 255 255 255 255 255 255 255 255 255 255 255 255 255 222 67 97 227 255 255 255 222 13 135 243 255 255 255 255 255 255 255 255 255 255 255 255 255 255 255 255 255 255 255 255 255 255 255 255 255 255 255 255 255 255 255 255 255 255 255 255 255 255 255 255 255 255 255 255 255 255 255 255 255 255 255 255 182 13 173 255 255 255 250 166 13 173 255 255 255 255 255 255 255 255 255 255 255 255 255 255 255 255 255 255 255 255 255 255 255 255 255 255 255 255 255 255 255 255 255 255 255 255 255 255 255 255 255 255 255 255 255 255 255 255 255 255 255 255 239 130 27 211 255 255
255 255 255 255 255 255 255 255 255 255 255 255 255 255 255 255 255 194 13 161 255 255 255 255 255 255 255 255 255 255 255 255 255 255 255 255 255 255 255 255 255 255 255 255 255 255 255 255 255 255 255 255 255 255 255 255 255 255 255 255 255 255 255 255 255 255 255 255 255 255 255 255 243 149 13 194 255 255 255 243 111 59 203 255 255 255 255 255 255 255 255 255 255 255 255 255 255 255 255 255 255 255 255 255 255 255 255 255 255 255 255 255 255 255 255 255 255 255 255 255 255 255 255 255 255 255 255 255 255 255 255 255 255 255 255 222 67 97 227 255 255 255 222 13 135 243 255 255 255 255 255 255 255 255 255 255 255 255 255 255 255 255 255 255 255 255 255 255 255 255 255 255 255 255 255 255 255 255 255 255 255 255 255 255 255 255 255 255 255 255 255 255 255 255 255 255 255 255 182 13 173 255 255 255 250 166 13 173 255 255 255 255 255 255 255 255 255 255 255 255 255 255 255 255 255 255 255 255 255 255 255 255 255 255 255 255 255 255 255 255 255 255 255 255 255 255 255 255 255 255 255 255 255 255 255 255 255 255 255 255 239 130 27 211 255 255
255 255 255 255 255 255 255 255 255 255 255 255 255 255 255 255 255 194 13 161 255 255 255 255 255 255 255 255 255 255 255 255 255 255 255 255 255 255 255 255 255 255 255 255 255 255 255 255 255 255 255 255 255 255 255 255 255 255 255 255 255 255 255 255 255 255 255 255 255 255 255 255 243 149 13 194 255 255 255 243 111 59 203 255 255 255 255 255 255 255 255 255 255 255 255 255 255 255 255 255 255 255 255 255 255 255 255 255 255 255 255 255 255 255 255 255 255 255 255 255 255 255 255 255 255 255 255 255 255 255 255 255 255 255 255 222 67 97 227 255 255 255 222 13 135 243 255 255 255 255 255 255 255 255 255 255 255 255 255 255 255 255 255 255 255 255 255 255 255 255 255 255 255 255 255 255 255 255 255 255 255 255 255 255 255 255 255 255 255 255 255 255 255 255 255 255 255 255 182 13 173 255 255 255 250 166 13 173 255 255 255 255 255 255 255 255 255 255 255 255 255 255 255 255 255 255 255 255 255 255 255 255 255 255 255 255 255 255 255 255 255 255 255 255 255 255 255 255 255 255 255 255 255 255 255 255 255 255 255 255 239 130 27 211 255 255
255 255 255 255 255 255 255 255 255 255 255 255 255 255 255 255 255 194 13 161 255 255 255 255 255 255 255 255 255 255 255 255 255 255 255 255 255 255 255 255 255 255 255 255 255 255 255 255 255 255 255 255 255 255 255 255 255 255 255 255 255 255 255 255 255 255 255 255 255 255 255 255 243 149 13 194 255 255 255 243 111 59 203 255 255 255 255 255 255 255 255 255 255 255 255 255 255 255 255 255 255 255 255 255 255 255 255 255 255 255 255 255 255 255 255 255 255 255 255 255 255 255 255 255 255 255 255 255 255 255 255 255 255 255 255 222 67 97 227 255 255 255 222 13 135 243 255 255 255 255 255 255 255 255 255 255 255 255 255 255 255 255 255 255 255 255 255 255 255 255 255 255 255 255 255 255 255 255 255 255 255 255 255 255 255 255 255 255 255 255 255 255 255 255 255 255 255 255 182 13 173 255 255 255 250 166 13 173 255 255 255 255 255 255 255 255 255 255 255 255 255 255 255 255 255 255 255 255 255 255 255 255 255 255 255 255 255 255 255 255 255 255 255 255 255 255 255 255 255 255 255 255 255 255 255 255 255 255 255 255 239 130 27 211 255 255
255 255 255 255 255 255 255 255 255 255 255 255 255 255 255 255 255 194 13 161 255 255 255 255 255 255 255 255 255 255 255 255 255 255 255 255 255 255 255 255 255 255 255 255 255 255 255 255 255 255 255 255 255 255 255 255 255 255 255 255 255 255 255 255 255 255 255 255 255 255 255 255 243 149 13 194 255 255 255 243 111 59 203 255 255 255 255 255 255 255 255 255 255 255 255 255 255 255 255 255 255 255 255 255 255 255 255 255 255 255 255 255 255 255 255 255 255 255 255 255 255 255 255 255 255 255 255 255 255 255 255 255 255 255 255 222 67 97 227 255 255 255 222 13 135 243 255 255 255 255 255 255 255 255 255 255 255 255 255 255 255 255 255 255 255 255 255 255 255 255 255 255 255 255 255 255 255 255 255 255 255 255 255 255 255 255 255 255 255 255 255 255 255 255 255 255 255 255 182 13 173 255 255 255 250 166 13 173 255 255 255 255 255 255 255 255 255 255 255 255 255 255 255 255 255 255 255 255 255 255 255 255 255 255 255 255 255 255 255 255 255 255 255 255 255 255 255 255 255 255 255 255 255 255 255 255 255 255 255 255 239 130 27 211 255 255
255 255 255 255 255 255 255 255 255 255 255 255 255 255 255 255 255 194 13 161 255 255 255 255 255 255 255 255 255 255 255 255 255 255 255 255 255 255 255 255 255 255 255 255 255 255 255 255 255 255 255 255 255 255 255 255 255 255 255 255 255 255 255 255 255 255 255 255 255 255 255 255 243 149 13 194 255 255 255 243 111 59 203 255 255 255 255 255 255 255 255 255 255 255 255 255 255 255 255 255 255 255 255 255 255 255 255 255 255 255 255 255 255 255 255 255 255 255 255 255 255 255 255 255 255 255 255 255 255 255 255 255 255 255 255 222 67 97 227 255 255 255 222 13 135 243 255 255 255 255 255 255 255 255 255 255 255 255 255 255 255 255 255 255 255 255 255 255 255 255 255 255 255 255 255 255 255 255 255 255 255 255 255 255 255 255 255 255 255 255 255 255 255 255 255 255 255 255 182 13 173 255 255 255 250 166 13 173 255 255 255 255 255 255 255 255 255 255 255 255 255 255 255 255 255 255 255 255 255 255 255 255 255 255 255 255 255 255 255 255 255 255 255 255 255 255 255 255 255 255 255 255 255 255 255 255 255 255 255 255 239 130 27 211 255 255
255 255 255 255 255 255 255 255 255 255 255 255 255 255 255 255 255 194 13 161 255 255 255 255 255 255 255 255 255 255 255 255 255 255 255 255 255 255 255 255 255 255 255 255 255 255 255 255 255 255 255 255 255 255 255 255 255 255 255 255 255 255 255 255 255 255 255 255 255 255 255 255 243 149 13 194 255 255 255 243 111 59 203 255 255 255 255 255 255 255 255 255 255 255 255 255 255 255 255 255 255 255 255 255 255 255 255 255 255 255 255 255 255 255 255 255 255 255 255 255 255 255 255 255 255 255 255 255 255 255 255 255 255 255 255 222 67 97 227 255 255 255 222 13 135 243 255 255 255 255 255 255 255 255 255 255 255 255 255 255 255 255 255 255 255 255 255 255 255 255 255 255 255 255 255 255 255 255 255 255 255 255 255 255 255 255 255 255 255 255 255 255 255 255 255 255 255 255 182 13 173 255 255 255 250 166 13 173 255 255 255 255 255 255 255 255 255 255 255 255 255 255 255 255 255 255 255 255 255 255 255 255 255 255 255 255 255 255 255 255 255 255 255 255 255 255 255 255 255 255 255 255 255 255 255 255 255 255 255 255 239 130 27 211 255 255
255 255 255 255 255 255 255 255 255 255 255 255 255 255 255 255 255 194 13 161 255 255 255 255 255 255 255 255 255 255 255 255 255 255 255 255 255 255 255 255 255 255 255 255 255 255 255 255 255 255 255 255 255 255 255 255 255 255 255 255 255 255 255 255 255 255 255 255 255 255 255 255 243 149 13 194 255 255 255 243 111 59 203 255 255 255 255 255 255 255 255 255 255 255 255 255 255 255 255 255 255 255 255 255 255 255 255 255 255 255 255 255 255 255 255 255 255 255 255 255 255 255 255 255 255 255 255 255 255 255 255 255 255 255 255 222 67 97 227 255 255 255 222 13 135 243 255 255 255 255 255 255 255 255 255 255 255 255 255 255 255 255 255 255 255 255 255 255 255 255 255 255 255 255 255 255 255 255 255 255 255 255 255 255 255 255 255 255 255 255 255 255 255 255 255 255 255 255 182 13 173 255 255 255 250 166 13 173 255 255 255 255 255 255 255 255 255 255 255 255 255 255 255 255 255 255 255 255 255 255 255 255 255 255 255 255 255 255 255 255 255 255 255 255 255 255 255 255 255 255 255 255 255 255 255 255 255 255 255 255 239 130 27 211 255 255
255 255 255 255 255 255 255 255 255 255 255 255 255 255 255 255 255 194 13 161 255 255 255 255 255 255 255 255 255 255 255 255 255 255 255 255 255 255 255 255 255 255 255 255 255 255 255 255 255 255 255 255 255 255 255 255 255 255 255 255 255 255 255 255 255 255 255 255 255 255 255 255 243 149 13 194 255 255 255 243 111 59 203 255 255 255 255 255 255 255 255 255 255 255 255 255 255 255 255 255 255 255 255 255 255 255 255 255 255 255 255 255 255 255 255 255 255 255 255 255 255 255 255 255 255 255 255 255 255 255 255 255 255 255 255 222 67 97 227 255 255 255 222 13 135 243 255 255 255 255 255 255 255 255 255 255 255 255 255 255 255 255 255 255 255 255 255 255 255 255 255 255 255 255 255 255 255 255 255 255 255 255 255 255 255 255 255 255 255 255 255 255 255 255 255 255 255 255 182 13 173 255 255 255 250 166 13 173 255 255 255 255 255 255 255 255 255 255 255 255 255 255 255 255 255 255 255 255 255 255 255 255 255 255 255 255 255 255 255 255 255 255 255 255 255 255 255 255 255 255 255 255 255 255 255 255 255 255 255 255 239 130 27 211 255 255
255 255 255 255 255 255 255 255 255 255 255 255 255 255 255 255 255 194 13 161 255 255 255 255 255 255 255 255 255 255 255 255 255 255 255 255 255 255 255 255 255 255 255 255 255 255 255 255 255 255 255 255 255 255 255 255 255 255 255 255 255 255 255 255 255 255 255 255 255 255 255 255 243 149 13 194 255 255 255 243 111 59 203 255 255 255 255 255 255 255 255 255 255 255 255 255 255 255 255 255 255 255 255 255 255 255 255 255 255 255 255 255 255 255 255 255 255 255 255 255 255 255 255 255 255 255 255 255 255 255 255 255 255 255 255 222 67 97 227 255 255 255 222 13 135 243 255 255 255 255 255 255 255 255 255 255 255 255 255 255 255 255 255 255 255 255 255 255 255 255 255 255 255 255 255 255 255 255 255 255 255 255 255 255 255 255 255 255 255 255 255 255 255 255 255 255 255 255 182 13 173 255 255 255 250 166 13 173 255 255 255 255 255 255 255 255 255 255 255 255 255 255 255 255 255 255 255 255 255 255 255 255 255 255 255 255 255 255 255 255 255 255 255 255 255 255 255 255 255 255 255 255 255 255 255 255 255 255 255 255 239 130 27 211 255 255
255 255 255 255 255 255 255 255 255 255 255 255 255 255 255 255 255 194 13 161 255 255 255 255 255 255 255 255 255 255 255 255 255 255 255 255 255 255 255 255 255 255 255 255 255 255 255 255 255 255 255 255 255 255 255 255 255 255 255 255 255 255 255 255 255 255 255 255 255 255 255 255 243 149 13 194 255 255 255 243 111 59 203 255 255 255 255 255 255 255 255 255 255 255 255 255 255 255 255 255 255 255 255 255 255 255 255 255 255 255 255 255 255 255 255 255 255 255 255 255 255 255 255 255 255 255 255 255 255 255 255 255 255 255 255 222 67 97 227 255 255 255 222 13 135 243 255 255 255 255 255 255 255 255 255 255 255 255 255 255 255 255 255 255 255 255 255 255 255 255 255 255 255 255 255 255 255 255 255 255 255 255 255 255 255 255 255 255 255 255 255 255 255 255 255 255 255 255 182 13 173 255 255 255 250 166 13 173 255 255 255 255 255 255 255 255 255 255 255 255 255 255 255 255 255 255 255 255 255 255 255 255 255 255 255 255 255 255 255 255 255 255 255 255 255 255 255 255 255 255 255 255 255 255 255 255 255 255 255 255 239 130 27 211 255 255
255 255 255 255 255 255 255 255 255 255 255 255 255 255 255 255 255 194 13 161 255 255 255 255 255 255 255 255 255 255 255 255 255 255 255 255 255 255 255 255 255 255 255 255 255 255 255 255 255 255 255 255 255 255 255 255 255 255 255 255 255 255 255 255 255 255 255 255 255 255 255 255 243 149 13 194 255 255 255 243 111 59 203 255 255 255 255 255 255 255 255 255 255 255 255 255 255 255 255 255 255 255 255 255 255 255 255 255 255 255 255 255 255 255 255 255 255 255 255 255 255 255 255 255 255 255 255 255 255 255 255 255 255 255 255 222 67 97 227 255 255 255 222 13 135 243 255 255 255 255 255 255 255 255 255 255 255 255 255 255 255 255 255 255 255 255 255 255 255 255 255 255 255 255 255 255 255 255 255 255 255 255 255 255 255 255 255 255 255 255 255 255 255 255 255 255 255 255 182 13 173 255 255 255 250 166 13 173 255 255 255 255 255 255 255 255 255 255 255 255 255 255 255 255 255 255 255 255 255 255 255 255 255 255 255 255 255 255 255 255 255 255 255 255 255 255 255 255 255 255 255 255 255 255 255 255 255 255 255 255 239 130 27 211 255 255
255 255 255 255 255 255 255 255 255 255 255 255 255 255 255 255 255 194 13 161 255 255 255 255 255 255 255 255 255 255 255 255 255 255 255 255 255 255 255 255 255 255 255 255 255 255 255 255 255 255 255 255 255 255 255 255 255 255 255 255 255 255 255 255 255 255 255 255 255 255 255 255 243 149 13 194 255 255 255 243 111 59 203 255 255 255 255 255 255 255 255 255 255 255 255 255 255 255 255 255 255 255 255 255 255 255 255 255 255 255 255 255 255 255 255 255 255 255 255 255 255 255 255 255 255 255 255 255 255 255 255 255 255 255 255 222 67 97 227 255 255 255 222 13 135 243 255 255 255 255 255 255 255 255 255 255 255 255 255 255 255 255 255 255 255 255 255 255 255 255 255 255 255 255 255 255 255 255 255 255 255 255 255 255 255 255 255 255 255 255 255 255 255 255 255 255 255 255 182 13 173 255 255 255 250 166 13 173 255 255 255 255 255 255 255 255 255 255 255 255 255 255 255 255 255 255 255 255 255 255 255 255 255 255 255 255 255 255 255 255 255 255 255 255 255 255 255 255 255 255 255 255 255 255 255 255 255 255 255 255 239 130 27 211 255 255
255 255 255 255 255 255 255 255 255 255 255 255 255 255 255 255 255 194 13 161 255 255 255 255 255 255 255 255 255 255 255 255 255 255 255 255 255 255 255 255 255 255 255 255 255 255 255 255 255 255 255 255 255 255 255 255 255 255 255 255 255 255 255 255 255 255 255 255 255 255 255 255 243 149 13 194 255 255 255 243 111 59 203 255 255 255 255 255 255 255 255 255 255 255 255 255 255 255 255 255 255 255 255 255 255 255 255 255 255 255 255 255 255 255 255 255 255 255 255 255 255 255 255 255 255 255 255 255 255 255 255 255 255 255 255 222 67 97 227 255 255 255 222 13 135 243 255 255 255 255 255 255 255 255 255 255 255 255 255 255 255 255 255 255 255 255 255 255 255 255 255 255 255 255 255 255 255 255 255 255 255 255 255 255 255 255 255 255 255 255 255 255 255 255 255 255 255 255 182 13 173 255 255 255 250 166 13 173 255 255 255 255 255 255 255 255 255 255 255 255 255 255 255 255 255 255 255 255 255 255 255 255 255 255 255 255 255 255 255 255 255 255 255 255 255 255 255 255 255 255 255 255 255 255 255 255 255 255 255 255 239 130 27 211 255 255
255 255 255 255 255 255 255 255 255 255 255 255 255 255 255 255 255 194 13 161 255 255 255 255 255 255 255 255 255 255 255 255 255 255 255 255 255 255 255 255 255 255 255 255 255 255 255 255 255 255 255 255 255 255 255 255 255 255 255 255 255 255 255 255 255 255 255 255 255 255 255 255 243 149 13 194 255 255 255 243 111 59 203 255 255 255 255 255 255 255 255 255 255 255 255 255 255 255 255 255 255 255 255 255 255 255 255 255 255 255 255 255 255 255 255 255 255 255 255 255 255 255 255 255 255 255 255 255 255 255 255 255 255 255 255 222 67 97 227 255 255 255 222 13 135 243 255 255 255 255 255 255 255 255 255 255 255 255 255 255 255 255 255 255 255 255 255 255 255 255 255 255 255 255 255 255 255 255 255 255 255 255 255 255 255 255 255 255 255 255 255 255 255 255 255 255 255 255 182 13 173 255 255 255 250 166 13 173 255 255 255 255 255 255 255 255 255 255 255 255 255 255 255 255 255 255 255 255 255 255 255 255 255 255 255 255 255 255 255 255 255 255 255 255 255 255 255 255 255 255 255 255 255 255 255 255 255 255 255 255 239 130 27 211 255 255
255 255 255 255 255 255 255 255 255 255 255 255 255 255 255 255 255 194 13 161 255 255 255 255 255 255 255 255 255 255 255 255 255 255 255 255 255 255 255 255 255 255 255 255 255 255 255 255 255 255 255 255 255 255 255 255 255 255 255 255 255 255 255 255 255 255 255 255 255 255 255 255 243 149 13 194 255 255 255 243 111 59 203 255 255 255 255 255 255 255 255 255 255 255 255 255 255 255 255 255 255 255 255 255 255 255 255 255 255 255 255 255 255 255 255 255 255 255 255 255 255 255 255 255 255 255 255 255 255 255 255 255 255 255 255 222 67 97 227 255 255 255 222 13 135 243 255 255 255 255 255 255 255 255 255 255 255 255 255 255 255 255 255 255 255 255 255 255 255 255 255 255 255 255 255 255 255 255 255 255 255 255 255 255 255 255 255 255 255 255 255 255 255 255 255 255 255 255 182 13 173 255 255 255 250 166 13 173 255 255 255 255 255 255 255 255 255 255 255 255 255 255 255 255 255 255 255 255 255 255 255 255 255 255 255 255 255 255 255 255 255 255 255 255 255 255 255 255 255 255 255 255 255 255 255 255 255 255 255 255 239 130 27 211 255 255
255 255 255 255 255 255 255 255 255 255 255 255 255 255 255 255 255 194 13 161 255 255 255 255 255 255 255 255 255 255 255 255 255 255 255 255 255 255 255 255 255 255 255 255 255 255 255 255 255 255 255 255 255 255 255 255 255 255 255 255 255 255 255 255 255 255 255 255 255 255 255 255 243 149 13 194 255 255 255 243 111 59 203 255 255 255 255 255 255 255 255 255 255 255 255 255 255 255 255 255 255 255 255 255 255 255 255 255 255 255 255 255 255 255 255 255 255 255 255 255 255 255 255 255 255 255 255 255 255 255 255 255 255 255 255 222 67 97 227 255 255 255 222 13 135 243 255 255 255 255 255 255 255 255 255 255 255 255 255 255 255 255 255 255 255 255 255 255 255 255 255 255 255 255 255 255 255 255 255 255 255 255 255 255 255 255 255 255 255 255 255 255 255 255 255 255 255 255 182 13 173 255 255 255 250 166 13 173 255 255 255 255 255 255 255 255 255 255 255 255 255 255 255 255 255 255 255 255 255 255 255 255 255 255 255 255 255 255 255 255 255 255 255 255 255 255 255 255 255 255 255 255 255 255 255 255 255 255 255 255 239 130 27 211 255 255
255 255 255 255 255 255 255 255 255 255 255 255 255 255 255 255 255 194 13 161 255 255 255 255 255 255 255 255 255 255 255 255 255 255 255 255 255 255 255 255 255 255 255 255 255 255 255 255 255 255 255 255 255 255 255 255 255 255 255 255 255 255 255 255 255 255 255 255 255 255 255 255 243 149 13 194 255 255 255 243 111 59 203 255 255 255 255 255 255 255 255 255 255 255 255 255 255 255 255 255 255 255 255 255 255 255 255 255 255 255 255 255 255 255 255 255 255 255 255 255 255 255 255 255 255 255 255 255 255 255 255 255 255 255 255 222 67 97 227 255 255 255 222 13 135 243 255 255 255 255 255 255 255 255 255 255 255 255 255 255 255 255 255 255 255 255 255 255 255 255 255 255 255 255 255 255 255 255 255 255 255 255 255 255 255 255 255 255 255 255 255 255 255 255 255 255 255 255 182 13 173 255 255 255 250 166 13 173 255 255 255 255 255 255 255 255 255 255 255 255 255 255 255 255 255 255 255 255 255 255 255 255 255 255 255 255 255 255 255 255 255 255 255 255 255 255 255 255 255 255 255 255 255 255 255 255 255 255 255 255 239 130 27 211 255 255
255 255 255 255 255 255 255 255 255 255 255 255 255 255 255 255 255 194 13 161 255 255 255 255 255 255 255 255 255 255 255 255 255 255 255 255 255 255 255 255 255 255 255 255 255 255 255 255 255 255 255 255 255 255 255 255 255 255 255 255 255 255 255 255 255 255 255 255 255 255 255 255 243 149 13 194 255 255 255 243 111 59 203 255 255 255 255 255 255 255 255 255 255 255 255 255 255 255 255 255 255 255 255 255 255 255 255 255 255 255 255 255 255 255 255 255 255 255 255 255 255 255 255 255 255 255 255 255 255 255 255 255 255 255 255 222 67 97 227 255 255 255 222 13 135 243 255 255 255 255 255 255 255 255 255 255 255 255 255 255 255 255 255 255 255 255 255 255 255 255 255 255 255 255 255 255 255 255 255 255 255 255 255 255 255 255 255 255 255 255 255 255 255 255 255 255 255 255 182 13 173 255 255 255 250 166 13 173 255 255 255 255 255 255 255 255 255 255 255 255 255 255 255 255 255 255 255 255 255 255 255 255 255 255 255 255 255 255 255 255 255 255 255 255 255 255 255 255 255 255 255 255 255 255 255 255 255 255 255 255 239 130 27 211 255 255
255 255 255 255 255 255 255 255 255 255 255 255 255 255 255 255 255 194 13 161 255 255 255 255 255 255 255 255 255 255 255 255 255 255 255 255 255 255 255 255 255 255 255 255 255 255 255 255 255 255 255 255 255 255 255 255 255 255 255 255 255 255 255 255 255 255 255 255 255 255 255 255 243 149 13 194 255 255 255 243 111 59 203 255 255 255 255 255 255 255 255 255 255 255 255 255 255 255 255 255 255 255 255 255 255 255 255 255 255 255 255 255 255 255 255 255 255 255 255 255 255 255 255 255 255 255 255 255 255 255 255 255 255 255 255 222 67 97 227 255 255 255 222 13 135 243 255 255 255 255 255 255 255 255 255 255 255 255 255 255 255 255 255 255 255 255 255 255 255 255 255 255 255 255 255 255 255 255 255 255 255 255 255 255 255 255 255 255 255 255 255 255 255 255 255 255 255 255 182 13 173 255 255 255 250 166 13 173 255 255 255 255 255 255 255 255 255 255 255 255 255 255 255 255 255 255 255 255 255 255 255 255 255 255 255 255 255 255 255 255 255 255 255 255 255 255 255 255 255 255 255 255 255 255 255 255 255 255 255 255 239 130 27 211 255 255
255 255 255 255 255 255 255 255 255 255 255 255 255 255 255 255 255 194 13 161 255 255 255 255 255 255 255 255 255 255 255 255 255 255 255 255 255 255 255 255 255 255 255 255 255 255 255 255 255 255 255 255 255 255 255 255 255 255 255 255 255 255 255 255 255 255 255 255 255 255 255 255 243 149 13 194 255 255 255 243 111 59 203 255 255 255 255 255 255 255 255 255 255 255 255 255 255 255 255 255 255 255 255 255 255 255 255 255 255 255 255 255 255 255 255 255 255 255 255 255 255 255 255 255 255 255 255 255 255 255 255 255 255 255 255 222 67 97 227 255 255 255 222 13 135 243 255 255 255 255 255 255 255 255 255 255 255 255 255 255 255 255 255 255 255 255 255 255 255 255 255 255 255 255 255 255 255 255 255 255 255 255 255 255 255 255 255 255 255 255 255 255 255 255 255 255 255 255 182 13 173 255 255 255 250 166 13 173 255 255 255 255 255 255 255 255 255 255 255 255 255 255 255 255 255 255 255 255 255 255 255 255 255 255 255 255 255 255 255 255 255 255 255 255 255 255 255 255 255 255 255 255 255 255 255 255 255 255 255 255 239 130 27 211 255 255
255 255 255 255 255 255 255 255 255 255 255 255 255 255 255 255 255 194 13 161 255 255 255 255 255 255 255 255 255 255 255 255 255 255 255 255 255 255 255 255 255 255 255 255 255 255 255 255 255 255 255 255 255 255 255 255 255 255 255 255 255 255 255 255 255 255 255 255 255 255 255 255 243 149 13 194 255 255 255 243 111 59 203 255 255 255 255 255 255 255 255 255 255 255 255 255 255 255 255 255 255 255 255 255 255 255 255 255 255 255 255 255 255 255 255 255 255 255 255 255 255 255 255 255 255 255 255 255 255 255 255 255 255 255 255 222 67 97 227 255 255 255 222 13 135 243 255 255 255 255 255 255 255 255 255 255 255 255 255 255 255 255 255 255 255 255 255 255 255 255 255 255 255 255 255 255 255 255 255 255 255 255 255 255 255 255 255 255 255 255 255 255 255 255 255 255 255 255 182 13 173 255 255 255 250 166 13 173 255 255 255 255 255 255 255 255 255 255 255 255 255 255 255 255 255 255 255 255 255 255 255 255 255 255 255 255 255 255 255 255 255 255 255 255 255 255 255 255 255 255 255 255 255 255 255 255 255 255 255 255 239 130 27 211 255 255
255 255 255 255 255 255 255 255 255 255 255 255 255 255 255 255 255 194 13 161 255 255 255 255 255 255 255 255 255 255 255 255 255 255 255 255 255 255 255 255 255 255 255 255 255 255 255 255 255 255 255 255 255 255 255 255 255 255 255 255 255 255 255 255 255 255 255 255 255 255 255 255 243 149 13 194 255 255 255 243 111 59 203 255 255 255 255 255 255 255 255 255 255 255 255 255 255 255 255 255 255 255 255 255 255 255 255 255 255 255 255 255 255 255 255 255 255 255 255 255 255 255 255 255 255 255 255 255 255 255 255 255 255 255 255 222 67 97 227 255 255 255 222 13 135 243 255 255 255 255 255 255 255 255 255 255 255 255 255 255 255 255 255 255 255 255 255 255 255 255 255 255 255 255 255 255 255 255 255 255 255 255 255 255 255 255 255 255 255 255 255 255 255 255 255 255 255 255 182 13 173 255 255 255 250 166 13 173 255 255 255 255 255 255 255 255 255 255 255 255 255 255 255 255 255 255 255 255 255 255 255 255 255 255 255 255 255 255 255 255 255 255 255 255 255 255 255 255 255 255 255 255 255 255 255 255 255 255 255 255 239 130 27 211 255 255
255 255 255 255 255 255 255 255 255 255 255 255 255 255 255 255 255 194 13 161 255 255 255 255 255 255 255 255 255 255 255 255 255 255 255 255 255 255 255 255 255 255 255 255 255 255 255 255 255 255 255 255 255 255 255 255 255 255 255 255 255 255 255 255 255 255 255 255 255 255 255 255 243 149 13 194 255 255 255 243 111 59 203 255 255 255 255 255 255 255 255 255 255 255 255 255 255 255 255 255 255 255 255 255 255 255 255 255 255 255 255 255 255 255 255 255 255 255 255 255 255 255 255 255 255 255 255 255 255 255 255 255 255 255 255 222 67 97 227 255 255 255 222 13 135 243 255 255 255 255 255 255 255 255 255 255 255 255 255 255 255 255 255 255 255 255 255 255 255 255 255 255 255 255 255 255 255 255 255 255 255 255 255 255 255 255 255 255 255 255 255 255 255 255 255 255 255 255 182 13 173 255 255 255 250 166 13 173 255 255 255 255 255 255 255 255 255 255 255 255 255 255 255 255 255 255 255 255 255 255 255 255 255 255 255 255 255 255 255 255 255 255 255 255 255 255 255 255 255 255 255 255 255 255 255 255 255 255 255 255 239 130 27 211 255 255
255 255 255 255 255 255 255 255 255 255 255 255 255 255 255 255 255 194 13 161 255 255 255 255 255 255 255 255 255 255 255 255 255 255 255 255 255 255 255 255 255 255 255 255 255 255 255 255 255 255 255 255 255 255 255 255 255 255 255 255 255 255 255 255 255 255 255 255 255 255 255 255 243 149 13 194 255 255 255 243 111 59 203 255 255 255 255 255 255 255 255 255 255 255 255 255 255 255 255 255 255 255 255 255 255 255 255 255 255 255 255 255 255 255 255 255 255 255 255 255 255 255 255 255 255 255 255 255 255 255 255 255 255 255 255 222 67 97 227 255 255 255 222 13 135 243 255 255 255 255 255 255 255 255 255 255 255 255 255 255 255 255 255 255 255 255 255 255 255 255 255 255 255 255 255 255 255 255 255 255 255 255 255 255 255 255 255 255 255 255 255 255 255 255 255 255 255 255 182 13 173 255 255 255 250 166 13 173 255 255 255 255 255 255 255 255 255 255 255 255 255 255 255 255 255 255 255 255 255 255 255 255 255 255 255 255 255 255 255 255 255 255 255 255 255 255 255 255 255 255 255 255 255 255 255 255 255 255 255 255 239 130 27 211 255 255
255 255 255 255 255 255 255 255 255 255 255 255 255 255 255 255 255 194 13 161 255 255 255 255 255 255 255 255 255 255 255 255 255 255 255 255 255 255 255 255 255 255 255 255 255 255 255 255 255 255 255 255 255 255 255 255 255 255 255 255 255 255 255 255 255 255 255 255 255 255 255 255 243 149 13 194 255 255 255 243 111 59 203 255 255 255 255 255 255 255 255 255 255 255 255 255 255 255 255 255 255 255 255 255 255 255 255 255 255 255 255 255 255 255 255 255 255 255 255 255 255 255 255 255 255 255 255 255 255 255 255 255 255 255 255 222 67 97 227 255 255 255 222 13 135 243 255 255 255 255 255 255 255 255 255 255 255 255 255 255 255 255 255 255 255 255 255 255 255 255 255 255 255 255 255 255 255 255 255 255 255 255 255 255 255 255 255 255 255 255 255 255 255 255 255 255 255 255 182 13 173 255 255 255 250 166 13 173 255 255 255 255 255 255 255 255 255 255 255 255 255 255 255 255 255 255 255 255 255 255 255 255 255 255 255 255 255 255 255 255 255 255 255 255 255 255 255 255 255 255 255 255 255 255 255 255 255 255 255 255 239 130 27 211 255 255
255 255 255 255 255 255 255 255 255 255 255 255 255 255 255 255 255 194 13 161 255 255 255 255 255 255 255 255 255 255 255 255 255 255 255 255 255 255 255 255 255 255 255 255 255 255 255 255 255 255 255 255 255 255 255 255 255 255 255 255 255 255 255 255 255 255 255 255 255 255 255 255 243 149 13 194 255 255 255 243 111 59 203 255 255 255 255 255 255 255 255 255 255 255 255 255 255 255 255 255 255 255 255 255 255 255 255 255 255 255 255 255 255 255 255 255 255 255 255 255 255 255 255 255 255 255 255 255 255 255 255 255 255 255 255 222 67 97 227 255 255 255 222 13 135 243 255 255 255 255 255 255 255 255 255 255 255 255 255 255 255 255 255 255 255 255 255 255 255 255 255 255 255 255 255 255 255 255 255 255 255 255 255 255 255 255 255 255 255 255 255 255 255 255 255 255 255 255 182 13 173 255 255 255 250 166 13 173 255 255 255 255 255 255 255 255 255 255 255 255 255 255 255 255 255 255 255 255 255 255 255 255 255 255 255 255 255 255 255 255 255 255 255 255 255 255 255 255 255 255 255 255 255 255 255 255 255 255 255 255 239 130 27 211 255 255
255 255 255 255 255 255 255 255 255 255 255 255 255 255 255 255 255 194 13 161 255 255 255 255 255 255 255 255 255 255 255 255 255 255 255 255 255 255 255 255 255 255 255 255 255 255 255 255 255 255 255 255 255 255 255 255 255 255 255 255 255 255 255 255 255 255 255 255 255 255 255 255 243 149 13 194 255 255 255 243 111 59 203 255 255 255 255 255 255 255 255 255 255 255 255 255 255 255 255 255 255 255 255 255 255 255 255 255 255 255 255 255 255 255 255 255 255 255 255 255 255 255 255 255 255 255 255 255 255 255 255 255 255 255 255 222 67 97 227 255 255 255 222 13 135 243 255 255 255 255 255 255 255 255 255 255 255 255 255 255 255 255 255 255 255 255 255 255 255 255 255 255 255 255 255 255 255 255 255 255 255 255 255 255 255 255 255 255 255 255 255 255 255 255 255 255 255 255 182 13 173 255 255 255 250 166 13 173 255 255 255 255 255 255 255 255 255 255 255 255 255 255 255 255 255 255 255 255 255 255 255 255 255 255 255 255 255 255 255 255 255 255 255 255 255 255 255 255 255 255 255 255 255 255 255 255 255 255 255 255 239 130 27 211 255 255
255 255 255 255 255 255 255 255 255 255 255 255 255 255 255 255 255 194 13 161 255 255 255 255 255 255 255 255 255 255 255 255 255 255 255 255 255 255 255 255 255 255 255 255 255 255 255 255 255 255 255 255 255 255 255 255 255 255 255 255 255 255 255 255 255 255 255 255 255 255 255 255 243 149 13 194 255 255 255 243 111 59 203 255 255 255 255 255 255 255 255 255 255 255 255 255 255 255 255 255 255 255 255 255 255 255 255 255 255 255 255 255 255 255 255 255 255 255 255 255 255 255 255 255 255 255 255 255 255 255 255 255 255 255 255 222 67 97 227 255 255 255 222 13 135 243 255 255 255 255 255 255 255 255 255 255 255 255 255 255 255 255 255 255 255 255 255 255 255 255 255 255 255 255 255 255 255 255 255 255 255 255 255 255 255 255 255 255 255 255 255 255 255 255 255 255 255 255 182 13 173 255 255 255 250 166 13 173 255 255 255 255 255 255 255 255 255 255 255 255 255 255 255 255 255 255 255 255 255 255 255 255 255 255 255 255 255 255 255 255 255 255 255 255 255 255 255 255 255 255 255 255 255 255 255 255 255 255 255 255 239 130 27 211 255 255
255 255 255 255 255 255 255 255 255 255 255 255 255 255 255 255 255 194 13 161 255 255 255 255 255 255 255 255 255 255 255 255 255 255 255 255 255 255 255 255 255 255 255 255 255 255 255 255 255 255 255 255 255 255 255 255 255 255 255 255 255 255 255 255 255 255 255 255 255 255 255 255 243 149 13 194 255 255 255 243 111 59 203 255 255 255 255 255 255 255 255 255 255 255 255 255 255 255 255 255 255 255 255 255 255 255 255 255 255 255 255 255 255 255 255 255 255 255 255 255 255 255 255 255 255 255 255 255 255 255 255 255 255 255 255 222 67 97 227 255 255 255 222 13 135 243 255 255 255 255 255 255 255 255 255 255 255 255 255 255 255 255 255 255 255 255 255 255 255 255 255 255 255 255 255 255 255 255 255 255 255 255 255 255 255 255 255 255 255 255 255 255 255 255 255 255 255 255 182 13 173 255 255 255 250 166 13 173 255 255 255 255 255 255 255 255 255 255 255 255 255 255 255 255 255 255 255 255 255 255 255 255 255 255 255 255 255 255 255 255 255 255 255 255 255 255 255 255 255 255 255 255 255 255 255 255 255 255 255 255 239 130 27 211 255 255
255 255 255 255 255 255 255 255 255 255 255 255 255 255 255 255 255 194 13 161 255 255 255 255 255 255 255 255 255 255 255 255 255 255 255 255 255 255 255 255 255 255 255 255 255 255 255 255 255 255 255 255 255 255 255 255 255 255 255 255 255 255 255 255 255 255 255 255 255 255 255 255 243 149 13 194 255 255 255 243 111 59 203 255 255 255 255 255 255 255 255 255 255 255 255 255 255 255 255 255 255 255 255 255 255 255 255 255 255 255 255 255 255 255 255 255 255 255 255 255 255 255 255 255 255 255 255 255 255 255 255 255 255 255 255 222 67 97 227 255 255 255 222 13 135 243 255 255 255 255 255 255 255 255 255 255 255 255 255 255 255 255 255 255 255 255 255 255 255 255 255 255 255 255 255 255 255 255 255 255 255 255 255 255 255 255 255 255 255 255 255 255 255 255 255 255 255 255 182 13 173 255 255 255 250 166 13 173 255 255 255 255 255 255 255 255 255 255 255 255 255 255 255 255 255 255 255 255 255 255 255 255 255 255 255 255 255 255 255 255 255 255 255 255 255 255 255 255 255 255 255 255 255 255 255 255 255 255 255 255 239 130 27 211 255 255
255 255 255 255 255 255 255 255 255 255 255 255 255 255 255 255 255 194 13 161 255 255 255 255 255 255 255 255 255 255 255 255 255 255 255 255 255 255 255 255 255 255 255 255 255 255 255 255 255 255 255 255 255 255 255 255 255 255 255 255 255 255 255 255 255 255 255 255 255 255 255 255 243 149 13 194 255 255 255 243 111 59 203 255 255 255 255 255 255 255 255 255 255 255 255 255 255 255 255 255 255 255 255 255 255 255 255 255 255 255 255 255 255 255 255 255 255 255 255 255 255 255 255 255 255 255 255 255 255 255 255 255 255 255 255 222 67 97 227 255 255 255 222 13 135 243 255 255 255 255 255 255 255 255 255 255 255 255 255 255 255 255 255 255 255 255 255 255 255 255 255 255 255 255 255 255 255 255 255 255 255 255 255 255 255 255 255 255 255 255 255 255 255 255 255 255 255 255 182 13 173 255 255 255 250 166 13 173 255 255 255 255 255 255 255 255 255 255 255 255 255 255 255 255 255 255 255 255 255 255 255 255 255 255 255 255 255 255 255 255 255 255 255 255 255 255 255 255 255 255 255 255 255 255 255 255 255 255 255 255 239 130 27 211 255 255
255 255 255 255 255 255 255 255 255 255 255 255 255 255 255 255 255 194 13 161 255 255 255 255 255 255 255 255 255 255 255 255 255 255 255 255 255 255 255 255 255 255 255 255 255 255 255 255 255 255 255 255 255 255 255 255 255 255 255 255 255 255 255 255 255 255 255 255 255 255 255 255 243 149 13 194 255 255 255 243 111 59 203 255 255 255 255 255 255 255 255 255 255 255 255 255 255 255 255 255 255 255 255 255 255 255 255 255 255 255 255 255 255 255 255 255 255 255 255 255 255 255 255 255 255 255 255 255 255 255 255 255 255 255 255 222 67 97 227 255 255 255 222 13 135 243 255 255 255 255 255 255 255 255 255 255 255 255 255 255 255 255 255 255 255 255 255 255 255 255 255 255 255 255 255 255 255 255 255 255 255 255 255 255 255 255 255 255 255 255 255 255 255 255 255 255 255 255 182 13 173 255 255 255 250 166 13 173 255 255 255 255 255 255 255 255 255 255 255 255 255 255 255 255 255 255 255 255 255 255 255 255 255 255 255 255 255 255 255 255 255 255 255 255 255 255 255 255 255 255 255 255 255 255 255 255 255 255 255 255 239 130 27 211 255 255
255 255 255 255 255 255 255 255 255 255 255 255 255 255 255 255 255 194 13 161 255 255 255 255 255 255 255 255 255 255 255 255 255 255 255 255 255 255 255 255 255 255 255 255 255 255 255 255 255 255 255 255 255 255 255 255 255 255 255 255 255 255 255 255 255 255 255 255 255 255 255 255 243 149 13 194 255 255 255 243 111 59 203 255 255 255 255 255 255 255 255 255 255 255 255 255 255 255 255 255 255 255 255 255 255 255 255 255 255 255 255 255 255 255 255 255 255 255 255 255 255 255 255 255 255 255 255 255 255 255 255 255 255 255 255 222 67 97 227 255 255 255 222 13 135 243 255 255 255 255 255 255 255 255 255 255 255 255 255 255 255 255 255 255 255 255 255 255 255 255 255 255 255 255 255 255 255 255 255 255 255 255 255 255 255 255 255 255 255 255 255 255 255 255 255 255 255 255 182 13 173 255 255 255 250 166 13 173 255 255 255 255 255 255 255 255 255 255 255 255 255 255 255 255 255 255 255 255 255 255 255 255 255 255 255 255 255 255 255 255 255 255 255 255 255 255 255 255 255 255 255 255 255 255 255 255 255 255 255 255 239 130 27 211 255 255
255 255 255 255 255 255 255 255 255 255 255 255 255 255 255 255 255 194 13 161 255 255 255 255 255 255 255 255 255 255 255 255 255 255 255 255 255 255 255 255 255 255 255 255 255 255 255 255 255 255 255 255 255 255 255 255 255 255 255 255 255 255 255 255 255 255 255 255 255 255 255 255 243 149 13 194 255 255 255 243 111 59 203 255 255 255 255 255 255 255 255 255 255 255 255 255 255 255 255 255 255 255 255 255 255 255 255 255 255 255 255 255 255 255 255 255 255 255 255 255 255 255 255 255 255 255 255 255 255 255 255 255 255 255 255 222 67 97 227 255 255 255 222 13 135 243 255 255 255 255 255 255 255 255 255 255 255 255 255 255 255 255 255 255 255 255 255 255 255 255 255 255 255 255 255 255 255 255 255 255 255 255 255 255 255 255 255 255 255 255 255 255 255 255 255 255 255 255 182 13 173 255 255 255 250 166 13 173 255 255 255 255 255 255 255 255 255 255 255 255 255 255 255 255 255 255 255 255 255 255 255 255 255 255 255 255 255 255 255 255 255 255 255 255 255 255 255 255 255 255 255 255 255 255 255 255 255 255 255 255 239 130 27 211 255 255
255 255 255 255 255 255 255 255 255 255 255 255 255 255 255 255 255 194 13 161 255 255 255 255 255 255 255 255 255 255 255 255 255 255 255 255 255 255 255 255 255 255 255 255 255 255 255 255 255 255 255 255 255 255 255 255 255 255 255 255 255 255 255 255 255 255 255 255 255 255 255 255 243 149 13 194 255 255 255 243 111 59 203 255 255 255 255 255 255 255 255 255 255 255 255 255 255 255 255 255 255 255 255 255 255 255 255 255 255 255 255 255 255 255 255 255 255 255 255 255 255 255 255 255 255 255 255 255 255 255 255 255 255 255 255 222 67 97 227 255 255 255 222 13 135 243 255 255 255 255 255 255 255 255 255 255 255 255 255 255 255 255 255 255 255 255 255 255 255 255 255 255 255 255 255 255 255 255 255 255 255 255 255 255 255 255 255 255 255 255 255 255 255 255 255 255 255 255 182 13 173 255 255 255 250 166 13 173 255 255 255 255 255 255 255 255 255 255 255 255 255 255 255 255 255 255 255 255 255 255 255 255 255 255 255 255 255 255 255 255 255 255 255 255 255 255 255 255 255 255 255 255 255 255 255 255 255 255 255 255 239 130 27 211 255 255
255 255 255 255 255 255 255 255 255 255 255 255 255 255 255 255 255 194 13 161 255 255 255 255 255 255 255 255 255 255 255 255 255 255 255 255 255 255 255 255 255 255 255 255 255 255 255 255 255 255 255 255 255 255 255 255 255 255 255 255 255 255 255 255 255 255 255 255 255 255 255 255 243 149 13 194 255 255 255 243 111 59 203 255 255 255 255 255 255 255 255 255 255 255 255 255 255 255 255 255 255 255 255 255 255 255 255 255 255 255 255 255 255 255 255 255 255 255 255 255 255 255 255 255 255 255 255 255 255 255 255 255 255 255 255 222 67 97 227 255 255 255 222 13 135 243 255 255 255 255 255 255 255 255 255 255 255 255 255 255 255 255 255 255 255 255 255 255 255 255 255 255 255 255 255 255 255 255 255 255 255 255 255 255 255 255 255 255 255 255 255 255 255 255 255 255 255 255 182 13 173 255 255 255 250 166 13 173 255 255 255 255 255 255 255 255 255 255 255 255 255 255 255 255 255 250 227 211 194 194 190 190 190 194 203 222 239 255 255 255 255 255 255 255 255 255 255 255 255 255 255 255 255 255 255 255 255 255 255 255 239 130 27 211 255 255
255 255 255 255 255 255 255 255 255 255 255 255 255 255 255 255 255 194 13 161 255 255 255 255 255 255 255 255 255 255 255 255 255 255 255 255 255 255 255 255 255 255 255 255 255 255 255 255 255 255 255 255 255 255 255 255 255 255 255 255 255 255 255 255 255 255 255 255 255 255 255 255 243 149 13 194 255 255 255 239 111 59 203 255 255 255 255 255 255 255 255 255 255 255 255 255 255 255 255 255 255 255 255 255 255 255 255 255 255 255 255 255 255 255 255 255 255 255 255 255 255 255 255 255 255 255 255 255 255 255 255 255 255 255 255 222 67 97 227 255 255 255 222 13 135 243 255 255 255 255 255 255 255 255 255 255 255 255 255 255 255 255 255 255 255 255 255 255 255 255 255 255 255 255 255 255 255 255 255 255 255 255 255 255 255 255 255 255 255 255 255 255 255 255 255 255 255 255 182 13 173 255 255 255 250 166 13 173 255 255 255 255 255 255 255 255 255 250 239 239 194 149 105 44 13 13 13 13 14 14 14 14 14 14 14 13 13 13 30 105 149 211 239 250 255 255 255 255 255 255 255 255 255 255 255 255 255 255 255 255 239 130 27 211 255 255
255 255 255 255 255 255 255 255 255 255 255 255 255 255 255 255 255 194 13 166 255 255 255 255 255 255 255 255 255 255 255 255 255 255 255 255 255 255 255 255 255 255 255 255 255 255 255 255 255 255 255 255 255 255 255 255 255 255 255 255 255 255 255 255 255 255 255 255 255 255 255 255 243 149 13 203 255 255 255 243 111 59 203 255 255 255 255 255 255 255 255 255 255 255 255 255 255 255 255 255 255 255 255 255 255 255 255 255 255 255 255 255 255 255 255 255 255 255 255 255 255 255 255 255 255 255 255 255 255 255 255 255 255 255 255 222 67 102 227 255 255 255 227 13 135 243 255 255 255 255 255 255 255 255 255 255 255 255 255 255 255 255 255 255 255 255 255 255 255 255 255 255 255 255 255 255 255 255 255 255 255 255 255 255 255 255 255 255 255 255 255 255 255 255 255 255 255 255 182 13 173 255 255 255 250 166 13 173 255 255 255 255 255 255 243 227 194 149 79 13 14 23 34 40 44 44 44 44 44 44 44 44 44 44 44 44 44 44 40 34 23 13 19 143 203 239 255 255 255 255 255 255 255 255 255 255 255 255 255 255 239 130 27 211 255 255
255 255 255 255 255 255 255 255 255 255 255 255 255 255 255 255 255 194 13 130 194 194 194 194 194 194 194 194 194 194 194 190 227 255 255 255 255 255 255 255 255 255 255 255 255 255 227 190 194 194 194 194 194 194 194 194 194 194 194 194 194 194 194 190 243 255 255 255 255 255 255 255 243 149 13 149 194 194 194 182 95 44 149 190 190 190 190 190 190 190 190 190 190 190 190 190 190 190 190 190 194 203 211 227 250 255 255 255 255 255 255 255 255 255 255 255 255 255 255 255 255 255 211 190 190 190 190 190 190 190 190 190 190 190 190 166 59 79 173 190 190 190 166 13 135 243 255 255 255 255 255 255 255 255 255 255 255 255 255 255 255 255 255 255 255 255 222 190 190 190 190 190 190 190 194 194 194 194 194 194 194 194 194 194 194 194 194 194 194 239 255 255 255 255 255 255 255 255 182 13 173 255 255 255 250 166 13 173 255 255 255 255 227 190 143 67 14 27 38 44 44 44 44 44 44 44 44 44 44 44 44 44 44 44 44 44 44 44 44 44 44 44 44 27 14 105 182 239 255 255 255 255 255 255 255 255 255 255 255 255 239 130 27 211 255 255
255 255 255 255 255 255 255 255 255 255 255 255 255 255 255 255 255 194 14 38 27 27 27 27 27 27 27 27 27 27 27 14 203 255 255 255 255 255 255 255 255 255 255 255 255 239 118 14 27 27 27 27 27 27 27 27 27 27 27 27 27 30 13 149 243 255 255 255 255 255 255 255 243 149 27 34 27 27 27 30 40 42 27 14 14 14 14 14 14 14 14 14 14 14 14 14 14 14 14 23 34 59 86 111 143 173 211 255 255 255 255 255 255 255 255 255 255 255 255 255 255 250 118 13 14 14 14 14 14 14 14 14 14 14 14 27 42 40 23 14 14 14 27 30 135 243 255 255 255 255 255 255 255 255 255 255 255 255 255 255 255 255 255 255 255 243 86 14 19 19 19 19 19 19 23 23 23 23 27 27 27 27 27 27 27 27 27 23 27 222 255 255 255 255 255 255 255 255 182 13 173 255 255 255 250 166 13 173 255 255 227 166 111 34 27 40 44 44 44 44 44 44 44 44 44 44 44 44 44 44 44 44 44 44 44 44 44 44 44 44 44 44 44 44 42 30 34 130 227 255 255 255 255 255 255 255 255 255 255 255 239 130 27 211 255 255
255 255 255 255 255 255 255 255 255 255 255 255 255 255 255 255 255 194 14 44 44 42 42 42 42 42 42 42 42 44 42 34 255 255 255 255 255 255 255 255 255 255 255 255 243 130 30 44 42 42 42 42 42 42 42 42 42 42 42 44 44 13 166 255 255 255 255 255 255 255 255 255 243 149 27 44 42 42 42 42 44 44 44 44 44 44 44 44 44 44 44 44 44 44 44 44 44 44 44 44 42 42 38 34 27 34 86 135 227 255 255 255 255 255 255 255 255 255 255 255 255 211 88 38 44 44 44 44 44 44 44 44 44 44 44 44 44 44 44 44 44 44 44 30 135 243 255 255 255 255 255 255 255 255 255 255 255 255 255 255 255 255 255 255 255 149 19 44 44 44 44 44 44 44 44 44 44 44 44 44 44 44 44 44 44 44 44 42 59 255 255 255 255 255 255 255 255 255 182 13 173 255 255 255 250 166 13 182 243 166 97 30 34 42 44 44 44 44 44 44 44 44 44 44 44 44 44 44 44 44 44 44 44 44 44 44 44 44 44 44 44 44 44 44 44 44 42 27 86 211 255 255 255 255 255 255 255 255 255 255 239 130 27 211 255 255
255 255 255 255 255 255 255 255 255 255 255 255 255 255 255 255 255 194 14 44 44 44 44 44 44 44 44 44 44 44 30 117 255 255 255 255 255 255 255 255 255 255 255 243 135 34 42 44 44 44 44 44 44 44 44 44 44 44 44 44 13 166 250 255 255 255 255 255 255 255 255 255 243 143 30 44 44 44 44 44 44 44 44 44 44 44 44 44 44 44 44 44 44 44 44 44 44 44 44 44 44 44 44 44 44 42 38 34 69 211 255 255 255 255 255 255 255 255 255 255 255 182 40 42 44 44 44 44 44 44 44 44 44 44 44 44 44 44 44 44 44 44 44 30 135 243 255 255 255 255 255 255 255 255 255 255 255 255 255 255 255 255 255 255 222 14 42 44 44 44 44 44 44 44 44 44 44 44 44 44 44 44 44 44 44 44 44 34 111 255 255 255 255 255 255 255 255 255 182 13 173 255 255 255 250 166 14 111 108 38 34 44 44 44 44 44 44 44 44 44 44 44 44 44 44 44 44 44 44 44 44 44 44 44 44 44 44 44 44 44 44 44 44 44 44 44 44 44 30 55 243 255 255 255 255 255 255 255 255 255 239 130 27 211 255 255
255 255 255 255 255 255 255 255 255 255 255 255 255 255 255 255 255 194 14 44 44 44 44 44 44 44 44 44 44 44 14 203 255 255 255 255 255 255 255 255 255 255 255 143 30 44 44 44 44 44 44 44 44 44 44 44 44 44 44 13 161 250 255 255 255 255 255 255 255 255 255 255 227 79 40 44 44 44 44 44 44 44 44 44 44 44 44 44 44 44 44 44 44 44 44 44 44 44 44 44 44 44 44 44 44 44 44 44 38 27 222 255 255 255 255 255 255 255 255 255 250 149 27 44 44 44 44 44 44 44 44 44 44 44 44 44 44 44 44 44 44 44 44 30 135 243 255 255 255 255 255 255 255 255 255 255 255 255 255 255 255 255 255 255 44 38 44 44 44 44 44 44 44 44 44 44 44 44 44 44 44 44 44 44 44 44 44 27 166 255 255 255 255 255 255 255 255 255 182 13 173 255 255 255 255 173 19 42 40 42 44 44 44 44 44 44 44 44 44 44 44 44 44 44 44 44 44 44 44 44 44 44 44 44 44 44 44 44 44 44 44 44 44 44 44 44 44 44 44 30 81 255 255 255 255 255 255 255 255 255 239 130 27 211 255 255
255 255 255 255 255 255 255 255 255 255 255 255 255 255 255 255 255 194 14 44 44 44 44 44 44 44 44 44 44 44 13 255 255 255 255 255 255 255 255 255 255 250 149 14 44 44 44 44 44 44 44 44 44 44 44 44 44 40 23 166 255 255 255 255 255 255 255 255 255 255 255 255 211 13 44 44 44 44 44 44 44 44 44 44 44 44 44 44 44 44 44 44 44 44 44 44 44 44 44 44 44 44 44 44 44 44 44 44 44 38 55 250 255 255 255 255 255 255 255 255 227 105 34 44 44 44 44 44 44 44 44 44 44 44 44 44 44 44 44 44 44 44 44 30 135 243 255 255 255 255 255 255 255 255 255 255 255 255 255 255 255 255 255 149 27 44 44 44 44 44 44 44 44 44 44 44 44 44 44 44 44 44 44 44 44 44 44 14 222 255 255 255 255 255 255 255 255 255 182 13 173 255 255 255 227 81 38 44 44 44 44 44 44 44 44 44 44 44 44 44 44 44 44 44 44 44 44 44 44 44 44 44 44 44 44 44 44 44 44 44 44 44 44 44 44 44 44 44 44 44 27 182 255 255 255 255 255 255 255 255 239 130 27 211 255 255
255 255 255 255 255 255 255 255 255 255 255 255 255 255 255 255 255 194 14 44 44 44 44 44 44 44 44 44 44 30 111 255 255 255 255 255 255 255 255 255 250 166 14 44 44 44 44 44 44 44 44 44 44 44 44 44 40 34 161 250 255 255 255 255 255 255 255 255 255 255 255 250 149 27 44 44 44 44 44 44 44 44 44 44 44 44 44 44 44 44 44 44 44 44 44 44 44 44 44 44 44 44 44 44 44 44 44 44 44 42 40 149 255 255 255 255 255 255 255 255 203 42 40 44 44 44 44 44 44 44 44 44 44 44 44 44 44 44 44 44 44 44 44 30 135 243 255 255 255 255 255 255 255 255 255 255 255 255 255 255 255 255 222 47 42 44 44 44 44 44 44 44 44 44 44 44 44 44 44 44 44 44 44 44 44 44 44 13 255 255 255 255 255 255 255 255 255 255 182 13 173 255 255 211 27 34 44 44 44 44 44 44 44 44 44 44 44 44 44 44 44 44 44 44 44 42 42 42 42 42 44 44 44 44 44 44 44 44 44 44 44 44 44 44 44 44 44 44 44 44 38 79 255 255 255 255 255 255 255 255 239 130 27 211 255 255
255 255 255 255 255 255 255 255 255 255 255 255 255 255 255 255 255 173 19 44 44 44 44 44 44 44 44 44 44 14 194 255 255 255 255 255 255 255 255 255 173 14 44 44 44 44 44 44 44 44 44 44 44 44 44 42 38 161 250 255 255 255 255 255 255 255 255 255 255 255 255 239 79 38 44 44 44 44 44 44 44 44 44 44 44 44 42 42 42 42 42 42 44 44 44 44 44 44 44 44 44 44 44 44 44 44 44 44 44 44 34 97 243 255 255 255 255 255 255 255 173 14 44 44 44 44 44 44 44 44 44 44 44 44 44 44 44 44 44 44 44 44 44 30 135 243 255 255 255 255 255 255 255 255 255 255 255 255 255 255 255 243 102 38 44 44 44 44 44 44 44 44 44 44 44 44 44 44 44 44 44 44 44 44 44 44 40 67 255 255 255 255 255 255 255 255 255 255 182 13 173 255 211 19 40 44 44 44 44 44 44 44 44 44 44 44 44 44 44 44 44 42 38 30 27 34 44 59 59 38 27 30 40 44 44 44 44 44 44 44 44 44 44 44 44 44 44 44 44 44 40 59 211 255 255 255 255 255 255 255 239 130 27 211 255 255
255 255 255 255 255 255 255 255 255 255 255 255 255 255 255 255 243 105 34 44 44 44 44 44 44 44 44 44 42 23 239 255 255 255 255 255 255 255 255 173 19 42 44 44 44 44 44 44 44 44 44 44 44 44 42 27 161 243 255 255 255 255 255 255 255 255 255 255 255 255 255 222 13 44 44 44 44 44 44 44 44 44 44 44 44 38 38 42 42 42 42 38 34 27 14 14 27 38 44 44 44 44 44 44 44 44 44 44 44 44 40 71 203 255 255 255 255 255 255 239 130 30 44 44 44 44 44 44 44 44 44 44 44 44 44 44 44 44 44 44 44 44 44 30 135 243 255 255 255 255 255 255 255 255 255 255 255 255 255 255 255 166 40 42 44 44 44 44 44 44 44 44 44 44 44 44 44 44 44 44 44 44 44 44 44 44 27 143 255 255 255 255 255 255 255 255 255 255 182 13 182 203 44 40 44 44 44 44 44 44 44 44 44 44 44 44 44 44 44 44 30 27 86 130 161 173 182 190 182 173 161 130 59 30 44 44 44 44 44 44 44 44 44 44 44 44 44 44 44 44 42 44 166 255 255 255 255 255 255 255 239 130 27 211 255 255
255 255 255 255 255 255 255 255 255 255 255 255 255 255 255 255 239 14 42 44 44 44 44 44 44 44 44 44 34 111 250 255 255 255 255 255 255 255 182 23 40 44 44 44 44 44 44 44 44 44 44 44 44 44 13 161 250 255 255 255 255 255 255 255 255 255 255 255 255 255 255 166 19 44 44 44 44 44 44 44 44 44 44 44 14 190 203 203 203 203 203 194 194 194 190 182 143 79 30 44 44 44 44 44 44 44 44 44 44 44 42 42 166 255 255 255 255 255 255 222 44 40 44 44 44 44 44 44 44 44 44 44 44 44 44 44 44 44 44 44 44 44 44 30 135 243 255 255 255 255 255 255 255 255 255 255 255 255 255 255 211 79 38 44 44 44 44 44 44 44 44 44 44 44 44 44 44 44 44 44 44 44 44 44 44 44 14 194 255 255 255 255 255 255 255 255 255 255 182 13 111 71 40 44 44 44 44 44 44 44 44 44 44 44 44 44 44 44 38 14 117 190 211 239 255 255 255 255 255 255 255 243 211 130 14 44 44 44 44 44 44 44 44 44 44 44 44 44 44 44 42 40 143 255 255 255 255 255 255 255 239 130 27 211 255 255
255 255 255 255 255 255 255 255 255 255 255 255 255 255 255 255 190 14 44 44 44 44 44 44 44 44 44 44 14 182 255 255 255 255 255 255 255 182 42 40 44 44 44 44 44 44 44 44 44 44 44 44 44 13 161 250 255 255 255 255 255 255 255 255 255 255 255 255 255 255 255 71 38 44 44 44 44 44 44 44 44 44 44 40 59 250 255 255 255 255 255 255 255 255 255 255 243 227 135 38 42 44 44 44 44 44 44 44 44 44 44 34 149 255 255 255 255 255 255 194 14 44 44 44 44 44 44 44 44 44 44 44 44 44 44 44 44 44 44 44 44 44 44 30 135 243 255 255 255 255 255 255 255 255 255 255 255 255 255 239 135 30 44 44 44 44 44 44 44 44 44 44 44 44 44 44 44 44 44 44 44 44 44 44 44 44 13 243 255 255 255 255 255 255 255 255 255 255 182 14 42 42 44 44 44 44 44 44 44 44 44 44 44 44 44 44 44 14 71 211 239 255 255 255 255 255 255 255 255 255 255 255 255 243 143 19 44 44 44 44 44 44 44 44 44 44 44 44 44 44 44 38 130 255 255 255 255 255 255 255 239 130 27 211 255 255
255 255 255 255 255 255 255 255 255 255 255 255 255 255 255 255 105 34 44 44 44 44 44 44 44 44 44 42 23 222 255 255 255 255 255 255 190 59 40 44 44 44 44 44 44 44 44 44 44 44 44 44 13 161 250 255 255 255 255 255 255 255 255 255 255 255 255 255 255 255 239 13 44 44 44 44 44 44 44 44 44 44 44 30 135 250 255 255 255 255 255 255 255 255 255 255 255 255 239 102 38 44 44 44 44 44 44 44 44 44 44 30 143 255 255 255 255 255 250 143 27 44 44 44 44 44 44 44 44 44 44 44 42 44 44 44 44 44 44 44 44 44 44 30 135 243 255 255 255 255 255 255 255 255 255 255 255 255 255 194 27 42 44 44 44 44 44 44 44 44 44 44 44 44 44 44 44 44 44 44 44 44 44 44 44 42 34 250 255 255 255 255 255 255 255 255 255 255 182 14 44 44 44 44 44 44 44 44 44 44 44 44 44 44 44 42 13 143 239 255 255 255 255 255 255 255 255 255 255 255 255 255 255 255 250 42 40 44 44 44 44 44 44 44 44 44 44 44 44 44 44 38 130 255 255 255 255 255 255 255 239 130 27 211 255 255
255 255 255 255 255 255 255 255 255 255 255 255 255 255 255 255 13 44 44 44 44 44 44 44 44 44 44 34 111 239 255 255 255 255 255 194 59 38 44 44 44 44 44 44 44 44 44 44 44 44 42 14 166 250 255 255 255 255 255 255 255 255 255 255 255 255 255 255 255 255 173 19 44 44 44 44 44 44 44 44 44 44 44 14 194 255 255 255 255 255 255 255 255 255 255 255 255 255 255 118 34 44 44 44 44 44 44 44 44 44 44 30 143 255 255 255 255 255 239 59 40 44 44 44 44 44 44 44 44 44 44 42 67 42 44 44 44 44 44 44 44 44 44 30 135 243 255 255 255 255 255 255 255 255 255 255 255 255 222 67 38 44 44 44 44 44 44 44 44 44 44 42 42 44 44 44 44 44 44 44 44 44 44 44 44 30 117 255 255 255 255 255 255 255 255 255 255 250 161 23 44 44 44 44 44 44 44 44 44 44 44 44 44 44 40 27 182 255 255 255 255 255 255 255 255 255 255 255 255 255 255 255 255 255 255 182 14 44 44 44 44 44 44 44 44 44 44 44 44 44 42 40 149 255 255 255 255 255 255 255 239 130 27 211 255 255
255 255 255 255 255 255 255 255 255 255 255 255 255 255 255 194 14 44 44 44 44 44 44 44 44 44 44 19 166 250 255 255 255 255 194 59 34 44 44 44 44 44 44 44 44 44 44 44 44 42 34 161 250 255 255 255 255 255 255 255 255 255 255 255 255 255 255 255 255 255 79 38 44 44 44 44 44 44 44 44 44 44 42 27 227 255 255 255 255 255 255 255 255 255 255 255 255 255 255 118 34 44 44 44 44 44 44 44 44 44 42 34 149 255 255 255 255 255 222 13 44 44 44 44 44 44 44 44 44 44 44 27 166 27 44 44 44 44 44 44 44 44 44 30 135 243 255 255 255 255 255 255 255 255 255 255 255 250 135 14 44 44 44 44 44 44 44 44 44 44 44 34 105 38 44 44 44 44 44 44 44 44 44 44 44 14 173 255 255 255 255 255 255 255 255 255 255 203 14 44 44 44 44 44 44 44 44 44 44 44 44 44 44 38 59 194 255 255 255 255 255 255 255 255 255 255 255 255 255 255 255 255 255 255 255 227 13 44 44 44 44 44 44 44 44 44 44 44 44 44 42 44 182 255 255 255 255 255 255 255 239 130 27 211 255 255
255 255 255 255 255 255 255 255 255 255 255 255 255 255 255 111 34 44 44 44 44 44 44 44 44 44 42 34 203 255 255 255 255 203 71 30 44 44 44 44 44 44 44 44 44 44 44 44 40 38 161 243 255 255 255 255 255 255 255 255 255 255 255 255 255 255 255 255 255 243 13 44 44 44 44 44 44 44 44 44 44 44 34 111 239 255 255 255 255 255 255 255 255 255 255 255 255 255 243 108 34 44 44 44 44 44 44 44 44 44 42 44 173 255 255 255 255 255 149 23 44 44 44 44 44 44 44 44 44 44 44 13 227 13 44 44 44 44 44 44 44 44 44 30 135 243 255 255 255 255 255 255 255 255 255 255 255 203 13 44 44 44 44 44 44 44 44 44 44 44 30 117 161 30 44 44 44 44 44 44 44 44 44 44 44 13 211 255 255 255 255 255 255 255 255 255 239 71 34 44 44 44 44 44 44 44 44 44 44 44 44 44 40 59 190 255 255 255 255 255 255 255 255 255 255 255 255 255 255 255 255 255 255 255 255 239 13 30 30 30 30 30 30 30 30 30 30 30 30 30 30 55 211 255 255 255 255 255 255 255 239 130 27 211 255 255
255 255 255 255 255 255 255 255 255 255 255 255 255 255 255 30 42 44 44 44 44 44 44 44 44 44 34 105 227 255 255 255 211 86 30 44 44 44 44 44 44 44 44 44 44 44 44 42 38 161 243 255 255 255 255 255 255 255 255 255 255 255 255 255 255 255 255 255 255 173 30 44 44 44 44 44 44 44 44 44 44 44 19 166 250 255 255 255 255 255 255 255 255 255 255 255 255 255 211 79 40 44 44 44 44 44 44 44 44 44 40 67 194 255 255 255 255 255 67 38 44 44 44 44 44 44 44 44 44 44 42 30 255 13 44 44 44 44 44 44 44 44 44 30 135 243 255 255 255 255 255 255 255 255 255 255 243 59 38 44 44 44 44 44 44 44 44 44 44 40 40 243 71 40 44 44 44 44 44 44 44 44 44 44 42 30 239 255 255 255 255 255 255 255 255 255 143 14 44 44 44 44 44 44 44 44 44 44 44 44 44 42 38 166 255 255 255 255 255 255 255 255 255 255 255 255 255 255 255 255 255 255 255 255 255 243 118 130 130 130 130 130 130 130 130 130 130 130 130 130 130 143 243 255 255 255 255 255 255 255 239 130 27 211 255 255
255 255 255 255 255 255 255 255 255 255 255 255 255 255 203 30 44 44 44 44 44 44 44 44 44 44 23 149 250 255 255 227 79 27 44 44 44 44 44 44 44 44 44 44 44 44 44 23 149 243 255 255 255 255 255 255 255 255 255 255 255 255 255 255 255 255 255 255 255 102 38 44 44 44 44 44 44 44 44 44 44 44 23 203 255 255 255 255 255 255 255 255 255 255 255 255 255 255 173 40 42 44 44 44 44 44 44 44 44 44 38 86 222 255 255 255 255 239 13 44 44 44 44 44 44 44 44 44 44 44 30 117 255 13 44 44 44 44 44 44 44 44 44 30 135 243 255 255 255 255 255 255 255 255 255 255 135 19 44 44 44 44 44 44 44 44 44 44 44 14 182 255 13 44 44 44 44 44 44 44 44 44 44 44 34 105 239 255 255 255 255 255 255 255 255 227 14 42 44 44 44 44 44 44 44 44 44 44 44 44 44 38 111 243 255 255 255 255 255 255 255 255 255 255 255 255 255 255 255 255 255 255 255 255 255 255 243 243 243 243 243 243 243 243 243 243 243 243 243 243 243 243 255 255 255 255 255 255 255 255 239 130 27 211 255 255
255 255 255 255 255 255 255 255 255 255 255 255 255 255 130 34 44 44 44 44 44 44 44 44 44 42 40 182 255 255 239 86 30 44 44 44 44 44 44 44 44 44 44 44 44 44 13 161 250 255 255 255 255 255 255 255 255 255 255 255 255 255 255 255 255 255 255 255 243 69 40 44 44 44 44 44 44 44 44 44 44 38 79 222 255 255 255 255 255 255 255 255 255 255 255 255 255 243 130 30 44 44 44 44 44 44 44 44 44 44 38 102 243 255 255 255 255 173 14 44 44 44 44 44 44 44 44 44 44 44 14 182 255 13 44 44 44 44 44 44 44 44 44 30 135 243 255 255 255 255 255 255 255 255 255 203 23 44 44 44 44 44 44 44 44 44 44 44 27 118 243 211 14 44 44 44 44 44 44 44 44 44 44 44 27 149 250 255 255 255 255 255 255 255 255 102 34 44 44 44 44 44 44 44 44 44 44 44 44 44 42 30 239 255 255 255 255 255 255 255 255 255 255 255 255 255 255 255 255 255 255 255 255 255 255 255 255 255 255 255 255 255 255 255 255 255 255 255 255 255 255 255 255 255 255 255 255 255 255 255 239 130 27 211 255 255
255 255 255 255 255 255 255 255 255 255 255 255 255 255 79 40 44 44 44 44 44 44 44 44 44 38 86 211 255 243 97 30 44 44 44 44 44 44 44 44 44 44 44 44 44 13 149 255 255 255 255 255 255 255 255 255 255 255 255 255 255 255 255 255 255 255 255 255 194 59 42 44 44 44 44 44 44 44 44 44 44 30 130 239 255 255 255 255 255 255 255 255 255 255 255 255 255 211 79 38 44 44 44 44 44 44 44 44 44 44 34 117 255 255 255 255 255 81 34 44 44 44 44 44 44 44 44 44 44 42 23 222 255 13 44 44 44 44 44 44 44 44 44 30 135 243 255 255 255 255 255 255 255 255 250 86 38 44 44 44 44 44 44 44 44 44 44 40 59 203 255 166 27 44 44 44 44 44 44 44 44 44 44 44 14 190 255 255 255 255 255 255 255 255 211 23 44 44 44 44 44 44 44 44 44 44 44 44 44 44 14 166 255 255 255 255 255 255 255 255 255 255 255 255 255 255 255 255 255 255 255 255 255 255 255 255 255 255 255 255 255 255 255 255 255 255 255 255 255 255 255 255 255 255 255 255 255 255 255 255 239 130 27 211 255 255
255 255 255 255 255 255 255 255 255 255 255 255 255 211 59 40 44 44 44 44 44 44 44 44 44 30 135 255 250 102 34 44 44 44 44 44 44 44 44 44 44 44 44 44 13 149 250 255 255 255 255 255 255 255 255 255 255 255 255 255 255 255 255 255 255 255 255 255 117 38 44 44 44 44 44 44 44 44 44 44 44 14 166 255 255 255 255 255 255 255 255 255 255 255 255 255 255 161 23 44 44 44 44 44 44 44 44 44 44 44 40 166 255 255 255 255 255 14 44 44 44 44 44 44 44 44 44 44 44 34 105 239 255 13 44 44 44 44 44 44 44 44 44 30 135 243 255 255 255 255 255 255 255 255 135 34 42 44 44 44 44 44 44 44 44 44 44 14 161 255 255 95 34 44 44 44 44 44 44 44 44 44 44 42 19 211 255 255 255 255 255 255 255 255 97 38 44 44 44 44 44 44 44 44 44 44 44 44 44 40 23 255 255 255 255 255 255 255 255 255 255 255 255 255 255 255 255 255 255 255 255 255 255 255 255 255 255 255 255 255 255 255 255 255 255 255 255 255 255 255 255 255 255 255 255 255 255 255 255 255 239 130 27 211 255 255
255 255 255 255 255 255 255 255 255 255 255 255 255 149 38 42 44 44 44 44 44 44 44 44 42 40 166 250 108 27 44 44 44 44 44 44 44 44 44 44 44 44 42 27 161 250 255 255 255 255 255 255 255 255 255 255 255 255 255 255 255 255 255 255 255 255 255 239 97 38 44 44 44 44 44 44 44 44 44 44 40 44 194 255 255 255 255 255 255 255 255 255 255 255 255 255 203 42 40 44 44 44 44 44 44 44 44 44 44 42 69 239 255 255 255 255 194 23 44 44 44 44 44 44 44 44 44 44 44 19 166 250 255 13 44 44 44 44 44 44 44 44 44 30 135 243 255 255 255 255 255 255 255 194 59 40 44 44 44 44 44 44 44 44 44 44 34 118 239 255 255 55 42 44 44 44 44 44 44 44 44 44 44 38 88 227 255 255 255 255 255 255 255 194 55 42 44 44 44 44 44 44 44 44 44 44 44 44 44 14 194 255 255 255 255 255 255 255 255 255 255 255 255 255 255 255 255 255 255 255 255 255 255 255 255 255 255 255 255 255 255 255 255 255 255 255 255 255 255 255 255 255 255 255 255 255 255 255 255 255 239 130 27 211 255 255
255 255 255 255 255 255 255 255 255 255 255 255 255 108 34 44 44 44 44 44 44 44 44 44 40 86 211 135 23 44 44 44 44 44 44 44 44 44 44 44 44 40 34 161 250 255 255 255 255 255 255 255 255 255 255 255 255 255 255 255 255 255 255 255 255 255 255 190 67 40 44 44 44 44 44 44 44 44 44 44 34 102 227 255 255 255 255 255 255 255 255 255 255 255 255 222 102 30 44 44 44 44 44 44 44 44 44 44 44 34 117 255 255 255 255 255 117 34 44 44 44 44 44 44 44 44 44 44 44 23 211 255 255 14 44 44 44 44 44 44 44 44 44 30 135 243 255 255 255 255 255 255 243 118 30 44 44 44 44 44 44 44 44 44 44 40 67 194 255 255 222 55 44 44 44 44 44 44 44 44 44 44 44 30 130 239 255 255 255 255 255 255 255 117 38 44 44 44 44 44 44 44 44 44 44 44 44 44 40 59 250 255 255 255 255 255 255 255 255 255 255 255 255 255 255 255 255 255 255 255 255 255 255 255 255 255 255 255 255 255 255 255 255 255 255 255 255 255 255 255 255 255 255 255 255 255 255 255 255 255 239 130 27 211 255 255
255 255 255 255 255 255 255 255 255 255 255 255 211 79 40 44 44 44 44 44 44 44 44 44 40 88 135 30 42 44 44 44 44 44 44 44 44 44 44 44 40 38 149 243 255 255 255 255 255 255 255 255 255 255 255 255 255 255 255 255 255 255 255 255 255 255 255 149 34 44 44 44 44 44 44 44 44 44 44 44 30 135 250 255 255 255 255 255 255 255 255 255 255 255 203 108 19 44 44 44 44 44 44 44 44 44 44 44 44 19 227 255 255 255 255 255 59 40 44 44 44 44 44 44 44 44 44 44 38 88 222 255 255 14 42 44 44 44 44 44 44 44 44 30 135 243 255 255 255 255 255 250 161 34 42 44 44 44 44 44 44 44 44 44 42 34 149 255 255 255 182 40 42 44 44 44 44 44 44 44 44 44 44 19 166 250 255 255 255 255 255 255 211 79 38 44 44 44 44 44 44 44 44 44 44 44 44 44 14 173 255 255 255 255 255 255 255 255 255 255 255 255 250 250 243 243 243 243 243 243 243 243 243 243 243 243 243 243 243 243 243 243 243 243 243 243 243 243 243 243 255 255 255 255 255 255 255 255 255 255 239 130 27 211 255 255
255 255 255 255 255 255 255 255 255 255 255 255 166 40 42 44 44 44 44 44 44 44 44 44 44 44 44 42 44 44 44 44 44 44 44 44 44 44 44 42 34 149 243 255 255 255 255 255 255 255 255 255 255 255 255 255 255 255 255 255 255 255 255 255 255 255 239 118 34 44 44 44 44 44 44 44 44 44 44 42 40 173 255 255 255 255 255 255 255 255 255 239 203 161 59 27 44 44 44 44 44 44 44 44 44 44 44 44 23 130 255 255 255 255 255 203 59 42 44 44 44 44 44 44 44 44 44 44 27 143 243 255 255 23 42 44 44 44 44 44 44 44 44 30 135 243 255 255 255 255 255 211 67 38 44 44 44 44 44 44 44 44 44 44 40 86 239 255 255 255 130 38 44 44 44 44 44 44 44 44 44 44 42 27 190 255 255 255 255 255 255 255 161 38 42 44 44 44 44 44 44 44 44 44 44 44 44 40 40 222 255 255 255 255 255 255 255 255 255 255 255 255 211 143 143 143 143 143 143 143 143 143 143 143 143 143 143 143 143 143 143 143 143 143 143 143 143 143 143 166 255 255 255 255 255 255 255 255 255 255 239 130 27 211 255 255
255 255 255 255 255 255 255 255 255 255 255 250 135 30 44 44 44 44 44 44 44 44 44 44 44 42 42 44 44 44 44 44 44 44 44 44 44 44 44 14 149 243 255 255 255 255 255 255 255 255 255 255 255 255 255 255 255 255 255 255 255 255 255 255 255 255 203 79 40 44 44 44 44 44 44 44 44 44 44 42 59 143 182 182 182 182 182 173 166 143 135 111 71 23 40 44 44 44 44 44 44 44 44 44 44 44 44 40 38 239 255 255 255 255 255 143 40 42 44 44 44 44 44 44 44 44 44 44 23 173 255 255 255 27 42 44 44 44 44 44 44 44 44 30 135 243 255 255 255 255 243 117 27 44 44 44 44 44 44 44 44 44 44 44 14 203 255 255 255 255 97 38 44 44 44 44 44 44 44 44 44 44 40 67 203 255 255 255 255 255 255 243 130 30 44 44 44 44 44 44 44 44 44 44 44 44 44 30 130 239 255 255 255 255 255 255 255 255 255 255 255 255 166 13 27 30 30 30 27 30 30 30 30 30 30 30 30 30 30 30 30 30 30 27 30 30 30 30 13 149 255 255 255 255 255 255 255 255 255 255 239 130 27 211 255 255
255 255 255 255 255 255 255 255 255 255 255 222 97 38 44 44 44 44 44 44 44 44 44 44 44 44 44 44 44 44 44 44 44 44 44 44 44 44 13 149 250 255 255 255 255 255 255 255 255 255 255 255 255 255 255 255 255 255 255 255 255 255 255 255 255 255 173 30 44 44 44 44 44 44 44 44 44 44 44 44 44 59 59 59 59 59 59 59 42 34 30 34 40 44 44 44 44 44 44 44 44 44 44 44 44 44 44 14 194 255 255 255 255 255 250 102 38 44 44 44 44 44 44 44 44 44 44 40 71 203 255 255 255 30 42 44 44 44 44 44 44 44 44 30 135 243 255 255 255 255 182 23 42 44 44 44 44 44 44 44 44 44 44 23 130 255 255 255 255 227 79 40 44 44 44 44 44 44 44 44 44 44 34 108 227 255 255 255 255 255 255 211 86 38 44 44 44 44 44 44 44 44 44 44 44 44 44 14 182 255 255 255 255 255 255 255 255 255 255 255 255 243 143 30 44 44 44 44 44 44 44 44 44 44 44 44 44 44 44 44 44 44 44 44 44 44 44 44 13 222 255 255 255 255 255 255 255 255 255 255 239 130 27 211 255 255
255 255 255 255 255 255 255 255 255 255 255 182 38 42 44 44 44 44 44 44 44 44 44 44 44 44 44 44 44 44 44 44 44 44 44 44 44 13 135 255 255 255 255 255 255 255 255 255 255 255 255 255 255 255 255 255 255 255 255 255 255 255 255 255 255 239 135 30 44 44 44 44 44 44 44 44 44 44 44 44 44 42 42 42 42 42 42 42 42 44 44 44 44 44 44 44 44 44 44 44 44 44 44 44 44 44 13 173 255 255 255 255 255 255 211 79 40 44 44 44 44 44 44 44 44 44 44 34 118 239 255 255 255 34 42 44 44 44 44 44 44 44 44 30 135 243 255 255 255 250 30 40 44 44 44 44 44 44 44 44 44 44 44 14 255 255 255 255 255 194 67 40 44 44 44 44 44 44 44 44 44 44 30 135 243 255 255 255 255 255 255 182 27 42 44 44 44 44 44 44 44 44 44 44 44 44 42 40 203 255 255 255 255 255 255 255 255 255 255 255 255 227 88 38 44 44 44 44 44 44 44 44 44 44 44 44 44 44 44 44 44 44 44 44 44 44 44 42 30 239 255 255 255 255 255 255 255 255 255 255 239 130 27 211 255 255
255 255 255 255 255 255 255 255 255 255 250 149 23 44 44 44 44 44 44 44 44 44 44 44 44 44 44 44 44 44 44 44 44 44 44 44 27 149 255 255 255 255 255 255 255 255 255 255 255 255 255 255 255 255 255 255 255 255 255 255 255 255 255 255 255 211 79 38 44 44 44 44 44 44 44 44 44 44 44 44 44 44 44 44 44 44 44 44 44 44 44 44 44 44 44 44 44 44 44 44 44 44 44 44 40 19 173 255 255 255 255 255 255 255 166 40 42 44 44 44 44 44 44 44 44 44 44 27 161 255 255 255 255 40 40 44 44 44 44 44 44 44 44 30 135 243 255 255 255 95 30 44 44 44 44 44 44 44 44 44 44 44 13 211 255 255 255 255 255 149 38 42 44 44 44 44 44 44 44 44 44 44 23 161 255 255 255 255 255 255 250 149 27 44 44 44 44 44 44 44 44 44 44 44 44 44 34 105 227 255 255 255 255 255 255 255 255 255 255 255 255 203 14 44 44 44 44 44 44 44 44 44 44 44 44 44 44 44 44 44 44 44 44 44 44 44 44 30 117 250 255 255 255 255 255 255 255 255 255 255 239 130 27 211 255 255
255 255 255 255 255 255 255 255 255 255 227 105 34 44 44 44 44 44 44 44 44 44 44 44 44 44 44 44 44 44 44 44 44 44 44 44 14 194 255 255 255 255 255 255 255 255 255 255 255 255 255 255 255 255 255 255 255 255 255 255 255 255 255 255 255 190 14 44 44 44 44 44 44 44 44 44 44 44 44 44 44 44 44 44 44 44 44 44 44 44 44 44 44 44 44 44 44 44 44 44 44 44 42 34 59 182 255 255 255 255 255 255 255 255 135 30 44 44 44 44 44 44 44 44 44 44 40 59 182 255 255 255 255 44 40 44 44 44 44 44 44 44 44 30 135 243 255 255 194 13 44 44 44 44 44 44 44 44 44 44 44 27 135 250 255 255 255 255 255 130 30 44 44 44 44 44 44 44 44 44 44 42 59 190 255 255 255 255 255 255 227 111 34 44 44 44 44 44 44 44 44 44 44 44 44 44 30 135 239 255 255 255 255 255 255 255 255 255 255 255 250 173 14 44 44 44 44 44 44 44 44 44 44 44 44 44 44 44 44 44 44 44 44 44 44 44 44 14 182 255 255 255 255 255 255 255 255 255 255 255 239 130 27 211 255 255
255 255 255 255 255 255 255 255 255 255 203 34 42 44 44 44 44 44 44 44 44 44 44 44 44 44 44 44 44 44 44 44 44 44 44 44 38 71 243 255 255 255 255 255 255 255 255 255 255 255 255 255 255 255 255 255 255 255 255 255 255 255 255 255 243 143 27 44 44 44 44 44 44 44 44 44 44 44 44 44 44 44 44 44 44 44 44 44 44 44 44 44 44 44 44 44 44 44 44 44 44 34 38 118 211 255 255 255 255 255 255 255 255 227 102 38 44 44 44 44 44 44 44 44 44 44 38 97 227 255 255 255 255 59 40 44 44 44 44 44 44 44 44 30 135 243 255 239 30 44 44 44 44 44 44 44 44 44 44 44 34 71 239 255 255 255 255 255 227 108 34 44 44 44 44 44 44 44 44 44 44 38 86 211 255 255 255 255 255 255 211 71 40 44 44 44 44 44 44 44 44 44 44 44 44 44 23 161 255 255 255 255 255 255 255 255 255 255 255 255 243 130 30 44 44 44 44 44 44 44 44 44 44 44 44 44 44 44 44 44 44 44 44 44 44 44 44 14 211 255 255 255 255 255 255 255 255 255 255 255 239 130 27 211 255 255
255 255 255 255 255 255 255 255 255 250 173 14 44 44 44 44 44 44 44 44 44 44 42 44 44 44 44 44 44 44 44 44 44 44 44 44 44 13 194 255 255 255 255 255 255 255 255 255 255 255 255 255 255 255 255 255 255 255 255 255 255 255 255 255 227 79 38 44 44 44 44 44 44 44 44 44 44 44 44 44 44 44 44 44 44 44 44 44 44 44 44 44 44 44 44 44 44 44 44 38 30 111 173 243 255 255 255 255 255 255 255 255 255 190 59 42 44 44 44 44 44 44 44 44 44 44 34 118 255 255 255 255 255 67 38 44 44 44 44 44 44 44 44 30 135 243 255 130 34 44 44 44 44 44 44 44 44 44 44 42 40 182 255 255 255 255 255 255 211 86 40 44 44 44 44 44 44 44 44 44 44 34 108 243 255 255 255 255 255 255 203 23 44 44 44 44 44 44 44 44 44 44 44 44 44 44 27 182 255 255 255 255 255 255 255 255 255 255 255 255 239 59 40 44 44 44 44 44 44 44 44 44 44 44 44 44 44 44 44 44 44 44 44 44 44 44 38 79 227 255 255 255 255 255 255 255 255 255 255 255 239 130 27 211 255 255
255 255 255 255 255 255 255 255 255 239 111 34 44 44 44 44 44 44 44 44 44 42 59 59 44 44 44 44 44 44 44 44 44 44 44 44 44 38 67 243 239 239 239 239 239 239 239 239 239 239 239 239 239 239 239 239 239 239 239 239 239 239 239 239 194 23 44 44 44 44 44 44 44 44 44 44 44 44 44 44 44 44 44 44 44 44 44 44 44 44 44 44 44 44 44 44 44 44 40 95 166 211 243 239 239 239 239 239 239 239 239 239 239 149 30 44 44 44 44 44 44 44 44 44 44 42 42 149 243 239 239 239 250 67 38 44 44 44 44 44 44 44 44 34 130 227 182 40 42 44 44 44 44 44 44 44 44 44 44 34 117 222 239 239 239 239 239 243 173 44 42 44 44 44 44 44 44 44 44 44 44 34 118 243 239 239 239 239 239 239 173 19 44 44 44 44 44 44 44 44 44 44 44 44 44 44 30 166 243 239 239 239 239 239 239 239 239 239 239 239 203 14 44 44 44 44 44 44 44 44 44 44 44 44 44 44 44 44 44 44 44 44 44 44 44 44 34 130 227 239 239 239 239 239 239 239 239 239 239 239 222 117 30 211 255 255
255 255 255 255 255 255 255 255 255 227 27 42 44 44 44 44 44 44 44 44 44 42 59 44 44 44 44 44 44 44 44 44 44 44 44 44 44 44 30 102 102 102 102 102 102 102 102 102 102 102 102 102 102 102 102 102 102 102 102 102 102 102 102 102 86 38 44 44 44 44 44 44 44 44 44 44 44 44 44 44 44 44 44 44 44 44 44 44 44 44 44 44 44 44 44 44 44 44 42 71 111 108 102 102 102 102 102 102 102 102 102 102 102 71 40 44 44 44 44 44 44 44 44 44 44 44 42 79 102 102 102 102 108 44 42 44 44 44 44 44 44 44 44 42 67 102 67 40 44 44 44 44 44 44 44 44 44 44 44 42 79 102 102 102 102 102 102 102 79 40 44 44 44 44 44 44 44 44 44 44 44 42 71 108 102 102 102 102 102 102 79 40 44 44 44 44 44 44 44 44 44 44 44 44 44 44 42 79 102 102 102 102 102 102 102 102 102 102 102 102 86 38 44 44 44 44 44 44 44 44 44 42 44 44 44 44 44 44 44 44 44 44 44 44 44 44 42 71 102 102 102 102 102 102 102 102 102 102 102 102 102 67 40 211 255 255
255 255 255 255 255 255 255 255 255 182 14 44 44 44 44 44 44 44 44 44 44 44 14 13 27 44 44 44 44 44 44 44 44 44 44 44 44 44 44 34 14 13 13 13 13 13 13 13 13 13 13 13 13 13 13 13 13 13 13 13 13 13 13 13 40 44 44 44 44 44 44 44 44 44 44 44 44 38 13 13 13 13 13 13 13 13 13 13 13 13 13 13 13 13 13 13 13 13 13 13 13 13 13 13 13 13 13 13 13 13 13 13 14 40 44 44 44 44 44 44 44 44 44 44 44 44 30 13 13 13 13 13 13 38 44 44 44 44 44 44 44 44 44 44 42 38 40 44 44 44 44 44 44 44 44 44 44 44 34 13 13 13 13 13 13 13 13 13 34 44 44 44 44 44 44 44 44 44 44 44 44 40 13 13 13 13 13 13 13 13 27 44 44 44 44 44 44 44 44 44 44 44 44 44 44 44 42 14 13 13 13 13 13 13 13 13 13 13 13 13 13 13 13 13 13 13 13 13 13 13 13 14 38 44 44 44 44 44 44 44 44 44 44 44 44 44 38 14 13 13 13 13 13 13 13 13 13 13 13 13 13 13 13 203 255 255
255 255 255 255 255 255 255 255 250 111 34 44 44 44 44 44 44 44 44 44 44 14 239 255 149 19 44 44 44 44 44 44 44 44 44 44 44 44 44 38 194 255 255 255 255 255 255 255 255 255 255 255 255 255 255 255 255 255 255 255 255 255 255 239 13 44 44 44 44 44 44 44 44 44 44 44 34 95 255 255 255 255 255 255 255 255 255 255 255 255 255 255 255 255 255 255 255 255 255 255 255 255 255 255 255 255 255 255 255 255 255 255 190 14 44 44 44 44 44 44 44 44 44 44 44 38 135 255 255 255 255 255 255 79 38 44 44 44 44 44 44 44 44 44 44 44 44 44 44 44 44 44 44 44 44 44 44 34 108 255 255 255 255 255 255 255 255 227 111 34 44 44 44 44 44 44 44 44 44 44 40 86 239 255 255 255 255 255 255 243 143 30 44 44 44 44 44 44 44 44 44 44 44 44 44 40 79 203 255 255 255 255 255 255 255 255 255 255 255 255 255 255 255 255 255 255 255 255 255 255 255 243 108 34 44 44 44 44 44 44 44 44 44 44 44 38 95 222 255 255 255 255 255 255 255 255 255 255 255 255 255 255 255 255 255 255
255 255 255 255 255 255 255 255 239 14 44 44 44 44 44 44 44 44 44 44 34 117 243 255 243 30 42 44 44 44 44 44 44 44 44 44 44 44 44 38 86 255 255 255 255 255 255 255 255 255 255 255 255 255 255 255 255 255 255 255 255 255 255 149 23 44 44 44 44 44 44 44 44 44 44 44 14 182 255 255 255 255 255 255 255 255 255 255 255 255 255 255 255 255 255 255 255 255 255 255 255 255 255 255 255 255 255 255 255 255 255 239 130 30 44 44 44 44 44 44 44 44 44 44 44 34 203 255 255 255 255 255 255 79 38 44 44 44 44 44 44 44 44 44 44 44 44 44 44 44 44 44 44 44 44 44 42 69 222 255 255 255 255 255 255 255 255 203 59 40 44 44 44 44 44 44 44 44 44 44 38 102 255 255 255 255 255 255 255 243 130 30 44 44 44 44 44 44 44 44 44 44 44 44 44 40 59 194 255 255 255 255 255 255 255 255 255 255 255 255 255 255 255 255 255 255 255 255 255 255 255 203 79 40 44 44 44 44 44 44 44 44 44 44 44 27 143 243 255 255 255 255 255 255 255 255 255 255 255 255 255 255 255 255 255 255
255 255 255 255 255 255 255 255 194 14 44 44 44 44 44 44 44 44 44 44 14 182 255 255 250 166 19 44 44 44 44 44 44 44 44 44 44 44 44 42 59 182 255 255 255 255 255 255 255 255 255 255 255 255 255 255 255 255 255 255 255 255 255 59 40 44 44 44 44 44 44 44 44 44 44 44 14 239 255 255 255 255 255 255 255 255 255 255 255 255 255 255 255 255 255 255 255 255 255 255 255 255 255 255 255 255 255 255 255 255 255 227 67 40 44 44 44 44 44 44 44 44 44 44 42 34 250 255 255 255 255 255 255 79 38 44 44 44 44 44 44 44 44 44 44 44 44 44 44 44 44 44 44 44 44 44 27 166 255 255 255 255 255 255 255 255 255 182 19 44 44 44 44 44 44 44 44 44 44 44 38 143 255 255 255 255 255 255 255 243 135 30 44 44 44 44 44 44 44 44 44 44 44 44 44 44 34 182 255 255 255 255 255 255 255 255 255 255 255 255 255 255 255 255 255 255 255 255 255 255 255 173 42 42 44 44 44 44 44 44 44 44 44 44 44 27 166 255 255 255 255 255 255 255 255 255 255 255 255 255 255 255 255 255 255 255
255 255 255 255 255 255 255 255 105 34 44 44 44 44 44 44 44 44 44 44 30 222 255 255 255 227 71 38 44 44 44 44 44 44 44 44 44 44 44 44 34 111 243 255 255 255 255 255 255 255 255 255 255 255 255 255 255 255 255 255 255 255 239 13 44 44 44 44 44 44 44 44 44 44 44 34 95 250 255 255 255 255 255 255 255 255 255 255 255 255 255 255 255 255 255 255 255 255 255 255 255 255 255 255 255 255 255 255 255 255 255 203 14 44 44 44 44 44 44 44 44 44 44 44 38 95 255 255 255 255 255 255 255 81 38 44 44 44 44 44 44 44 44 44 44 44 44 44 44 44 44 44 44 44 44 30 97 255 255 255 255 255 255 255 255 255 250 161 23 44 44 44 44 44 44 44 44 44 44 42 38 190 255 255 255 255 255 255 255 243 143 27 44 44 44 44 44 44 44 44 44 44 44 44 44 44 23 161 255 255 255 255 255 255 255 255 255 255 255 255 255 255 255 255 255 255 255 255 255 255 255 143 27 44 44 44 44 44 44 44 44 44 44 44 42 59 194 255 255 255 255 255 255 255 255 255 255 255 255 255 255 255 255 255 255 255
255 255 255 255 255 255 255 255 14 44 44 44 44 44 44 44 44 44 44 34 111 227 255 255 255 250 166 23 44 44 44 44 44 44 44 44 44 44 44 44 42 59 182 255 255 255 255 255 255 255 255 255 255 255 255 255 255 255 255 255 255 255 166 19 44 44 44 44 44 44 44 44 44 44 44 14 166 255 255 255 255 255 255 255 255 255 255 255 255 255 255 255 255 255 255 255 255 255 255 255 255 255 255 255 255 255 255 255 255 255 250 149 27 44 44 44 44 44 44 44 44 44 44 44 14 182 255 255 255 255 255 255 255 81 38 44 44 44 44 44 44 44 44 44 44 44 44 44 44 44 44 44 44 44 42 19 222 255 255 255 255 255 255 255 255 255 239 117 30 44 44 44 44 44 44 44 44 44 44 42 47 227 255 255 255 255 255 255 255 250 161 23 44 44 44 44 44 44 44 44 44 44 44 44 44 44 34 117 227 255 255 255 255 255 255 255 255 255 255 255 255 255 255 255 255 255 255 255 255 255 227 111 34 44 44 44 44 44 44 44 44 44 44 44 38 102 222 255 255 255 255 255 255 255 255 255 255 255 255 255 255 255 255 255 255 255
255 255 255 255 255 255 255 211 13 44 44 44 44 44 44 44 44 44 44 14 166 250 255 255 255 255 222 86 38 44 44 44 44 44 44 44 44 44 44 44 44 30 130 243 255 255 255 255 255 255 255 255 255 255 255 255 255 255 255 255 255 255 71 38 44 44 44 44 44 44 44 44 44 44 44 14 211 255 255 255 255 255 255 255 255 255 255 255 255 255 255 255 255 255 255 255 255 255 255 255 255 255 255 255 255 255 255 255 255 255 239 71 40 44 44 44 44 44 44 44 44 44 44 44 13 250 255 255 255 255 255 255 255 88 38 44 44 44 44 44 44 44 44 44 44 44 44 44 44 44 44 44 44 44 14 166 255 255 255 255 255 255 255 255 255 255 222 71 40 44 44 44 44 44 44 44 44 44 44 42 55 255 255 255 255 255 255 255 255 255 182 14 44 44 44 44 44 44 44 44 44 44 44 44 44 44 40 40 211 255 255 255 255 255 255 255 255 255 255 255 255 255 255 255 255 255 255 255 255 255 203 79 40 44 44 44 44 44 44 44 44 44 44 44 30 130 250 255 255 255 255 255 255 255 255 255 255 255 255 255 255 255 255 255 255 255
255 255 255 255 255 255 255 130 30 44 44 44 44 44 44 44 44 44 42 34 194 255 255 255 255 255 255 161 27 44 44 44 44 44 44 44 44 44 44 44 44 40 44 194 255 255 255 255 255 255 255 255 255 255 255 255 255 255 255 255 255 243 23 42 44 44 44 44 44 44 44 44 44 44 38 88 227 255 255 255 255 255 255 255 255 255 255 255 255 255 255 255 255 255 255 255 255 255 255 255 255 255 255 255 255 255 255 255 255 255 227 13 44 44 44 44 44 44 44 44 44 44 44 40 44 255 255 255 255 255 255 255 255 95 34 44 44 44 44 44 44 44 44 44 44 44 44 44 44 44 44 44 44 34 88 239 255 255 255 255 255 255 255 255 255 255 211 14 44 44 44 44 44 44 44 44 44 44 44 38 105 255 255 255 255 255 255 255 255 255 194 14 44 44 44 44 44 44 44 44 44 44 44 44 44 44 44 27 130 243 255 255 255 255 255 255 255 255 255 255 255 255 255 255 255 255 255 255 255 255 182 27 42 44 44 44 44 44 44 44 44 44 44 42 34 149 255 255 255 255 255 255 255 255 255 255 255 255 255 255 255 255 255 255 255 255
255 255 255 255 255 255 255 47 42 44 44 44 44 44 44 44 44 44 38 95 222 255 255 255 255 255 255 211 86 38 44 44 44 44 44 44 44 44 44 44 44 44 27 135 243 255 255 255 255 255 255 255 255 255 255 255 255 255 255 255 255 173 30 44 44 44 44 44 44 44 44 44 44 44 27 149 243 255 255 255 255 255 255 255 255 255 255 255 255 255 255 255 255 255 255 255 255 255 255 255 255 255 255 255 255 255 255 255 255 255 166 14 44 44 44 44 44 44 44 44 44 44 44 27 149 255 255 255 255 255 255 255 255 95 34 44 44 44 44 44 44 44 44 44 44 44 44 44 44 44 44 44 42 19 211 255 255 255 255 255 255 255 255 255 255 255 182 14 44 44 44 44 44 44 44 44 44 44 44 23 166 255 255 255 255 255 255 255 255 255 211 67 40 44 44 44 44 44 44 44 44 44 44 44 44 44 44 44 14 190 255 255 255 255 255 255 255 255 255 255 255 255 255 255 255 255 255 255 255 250 149 27 44 44 44 44 44 44 44 44 44 44 44 42 67 194 255 255 255 255 255 255 255 255 255 255 255 255 255 255 255 255 255 255 255 255
255 255 255 255 255 255 203 34 44 44 44 44 44 44 44 44 44 44 27 149 250 255 255 255 255 255 255 255 149 34 42 44 44 44 44 44 44 44 44 44 44 44 42 23 203 255 255 255 255 255 255 255 255 255 255 255 255 255 255 255 255 88 40 44 44 44 44 44 44 44 44 44 44 42 14 203 255 255 255 255 255 255 255 255 255 255 255 255 255 255 255 255 255 255 255 255 255 255 255 255 255 255 255 255 255 255 255 255 255 255 71 40 44 44 44 44 44 44 44 44 44 44 44 13 211 255 255 255 255 255 255 255 255 95 34 44 44 44 44 44 44 44 44 44 44 44 44 44 44 44 44 44 19 173 255 255 255 255 255 255 255 255 255 255 255 243 135 30 44 44 44 44 44 44 44 44 44 44 44 13 222 255 255 255 255 255 255 255 255 255 239 118 30 44 44 44 44 44 44 44 44 44 44 44 44 44 44 44 44 13 203 255 255 255 255 255 255 255 255 255 255 255 255 255 255 255 255 255 255 227 111 34 44 44 44 44 44 44 44 44 44 44 44 38 97 239 255 255 255 255 255 255 255 255 255 255 255 255 255 255 255 255 255 255 255 255
255 255 255 255 255 255 143 38 44 44 44 44 44 44 44 44 44 42 38 182 255 255 255 255 255 255 255 255 227 79 38 44 44 44 44 44 44 44 44 44 44 44 44 27 130 243 255 255 255 255 255 255 255 255 255 255 255 255 255 255 239 69 40 44 44 44 44 44 44 44 44 44 44 38 88 222 255 255 255 255 255 255 255 255 255 255 255 255 255 255 255 255 255 255 255 255 255 255 255 255 255 255 255 255 255 255 255 255 255 250 13 44 44 44 44 44 44 44 44 44 44 44 42 34 243 255 255 255 255 255 255 255 255 95 34 44 44 44 44 44 44 44 44 44 44 44 44 44 44 44 44 34 105 227 255 255 255 255 255 255 255 255 255 255 255 239 81 38 44 44 44 44 44 44 44 44 44 44 44 13 255 255 255 255 255 255 255 255 255 255 255 166 27 44 44 44 44 44 44 44 44 44 44 44 44 44 44 44 44 44 13 173 239 255 255 255 255 255 255 255 255 255 255 255 255 255 255 255 255 211 59 40 44 44 44 44 44 44 44 44 44 44 44 34 108 255 255 255 255 255 255 255 255 255 255 255 255 255 255 255 255 255 255 255 255 255
255 255 255 255 255 255 86 38 44 44 44 44 44 44 44 44 44 38 97 211 255 255 255 255 255 255 255 255 255 143 38 42 44 44 44 44 44 44 44 44 44 44 44 42 19 211 255 255 255 255 255 255 255 255 255 255 255 255 255 255 182 44 42 44 44 44 44 44 44 44 44 44 44 27 143 243 255 255 255 255 255 255 255 255 255 255 255 255 255 255 255 255 255 255 255 255 255 255 255 255 255 255 255 255 255 255 255 255 255 182 14 44 44 44 44 44 44 44 44 44 44 44 30 130 250 255 255 255 255 255 255 255 255 105 34 44 44 44 44 44 44 44 44 44 44 44 44 44 44 44 40 59 194 255 255 255 255 255 255 255 255 255 255 255 255 227 14 44 44 44 44 44 44 44 44 44 44 44 40 59 255 255 255 255 255 255 255 255 255 255 255 203 71 40 44 44 44 44 44 44 44 44 44 44 44 44 44 44 44 44 44 14 95 190 222 243 255 255 255 255 255 255 255 255 255 255 250 243 227 173 14 44 44 44 44 44 44 44 44 44 44 44 42 40 149 255 255 255 255 255 255 255 255 255 255 255 255 255 255 255 255 255 255 255 255 255
255 255 255 255 255 211 67 42 44 44 44 44 44 44 44 44 44 30 130 250 255 255 255 255 255 255 255 255 255 239 59 40 44 44 44 44 44 44 44 44 44 44 44 44 27 130 255 255 255 255 255 255 255 255 255 255 255 255 255 255 130 38 44 44 44 44 44 44 44 44 44 44 42 30 173 255 255 255 255 255 255 255 255 255 255 255 255 255 255 255 255 255 255 255 255 255 255 255 255 255 255 255 255 255 255 255 255 255 255 105 34 44 44 44 44 44 44 44 44 44 44 44 14 190 255 255 255 255 255 255 255 255 255 105 34 44 44 44 44 44 44 44 44 44 44 44 44 44 44 42 38 143 250 255 255 255 255 255 255 255 255 255 255 255 255 203 14 44 44 44 44 44 44 44 44 44 44 44 27 135 255 255 255 255 255 255 255 255 255 255 255 250 130 30 44 44 44 44 44 44 44 44 44 44 44 44 44 44 44 44 44 44 34 23 81 143 166 182 194 203 203 203 194 190 182 173 161 135 111 71 40 44 44 44 44 44 44 44 44 44 44 44 42 59 203 255 255 255 255 255 255 255 255 255 255 255 255 255 255 255 255 255 255 255 255 255
255 255 255 255 255 149 42 42 44 44 44 44 44 44 44 44 42 40 166 255 255 255 255 255 255 255 255 255 255 255 149 27 44 44 44 44 44 44 44 44 44 44 44 44 42 14 222 255 255 255 255 255 255 255 255 255 255 255 255 239 97 38 44 44 44 44 44 44 44 44 44 44 40 79 211 255 255 255 255 255 255 255 255 255 255 255 255 255 255 255 255 255 255 255 255 255 255 255 255 255 255 255 255 255 255 255 255 255 255 23 42 44 44 44 44 44 44 44 44 44 44 42 30 222 255 255 255 255 255 255 255 255 255 111 34 44 44 44 44 44 44 44 44 44 44 44 44 44 44 38 79 227 255 255 255 255 255 255 255 255 255 255 255 255 255 149 23 44 44 44 44 44 44 44 44 44 44 44 14 194 255 255 255 255 255 255 255 255 255 255 255 255 203 67 40 44 44 44 44 44 44 44 44 44 44 44 44 44 44 44 44 44 44 44 38 30 19 34 67 71 71 71 67 44 30 19 27 30 34 40 44 44 44 44 44 44 44 44 44 44 44 44 42 69 243 255 255 255 255 255 255 255 255 255 255 255 255 255 255 255 255 255 255 255 255 255
255 255 255 255 255 118 34 44 44 44 44 44 44 44 44 44 40 71 211 255 255 255 255 255 255 255 255 255 255 255 250 14 42 44 44 44 44 44 44 44 44 44 44 44 44 30 105 255 255 255 255 255 255 255 255 255 255 255 255 194 67 42 44 44 44 44 44 44 44 44 44 44 30 118 243 255 255 255 255 255 255 255 255 255 255 255 255 255 255 255 255 255 255 255 255 255 255 255 255 255 255 255 255 255 255 255 255 255 203 27 44 44 44 44 44 44 44 44 44 44 44 34 111 239 255 255 255 255 255 255 255 255 255 111 34 44 44 44 44 44 44 44 44 44 44 44 44 44 44 47 182 255 255 255 255 255 255 255 255 255 255 255 255 255 255 95 34 44 44 44 44 44 44 44 44 44 44 44 13 239 255 255 255 255 255 255 255 255 255 255 255 255 255 143 34 42 44 44 44 44 44 44 44 44 44 44 44 44 44 44 44 44 44 44 44 44 44 44 40 40 40 40 40 42 44 44 44 44 44 44 44 44 44 44 44 44 44 44 44 44 44 44 38 95 255 255 255 255 255 255 255 255 255 255 255 255 255 255 255 255 255 255 255 255 255 255
255 255 255 255 222 86 38 44 44 44 44 44 44 44 44 44 34 97 255 255 255 255 255 255 255 255 255 255 255 255 255 149 19 44 44 44 44 44 44 44 44 44 44 44 44 44 13 239 255 255 255 255 255 255 255 255 255 255 255 149 30 44 44 44 44 44 44 44 44 44 44 44 34 149 255 255 255 255 255 255 255 255 255 255 255 255 255 255 255 255 255 255 255 255 255 255 255 255 255 255 255 255 255 255 255 255 255 255 130 34 44 44 44 44 44 44 44 44 44 44 44 19 166 250 255 255 255 255 255 255 255 255 255 117 30 44 44 44 44 44 44 44 44 44 44 44 44 44 38 95 255 255 255 255 255 255 255 255 255 255 255 255 255 255 255 13 44 44 44 44 44 44 44 44 44 44 44 40 38 250 255 255 255 255 255 255 255 255 255 255 255 255 255 255 71 34 44 44 44 44 44 44 44 44 44 44 44 44 44 44 44 44 44 44 44 44 44 44 44 44 44 44 44 44 44 44 44 44 44 44 44 44 44 44 44 44 44 44 44 44 44 44 34 166 255 255 255 255 255 255 255 255 255 255 255 255 255 255 255 255 255 255 255 255 255 255
255 255 255 255 173 42 42 44 44 44 44 44 44 44 44 42 38 143 255 255 255 255 255 255 255 255 255 255 255 255 255 255 14 42 44 44 44 44 44 44 44 44 44 44 44 44 34 105 255 255 255 255 255 255 255 255 255 255 239 118 34 44 44 44 44 44 44 44 44 44 44 40 71 194 255 255 255 255 255 255 255 255 255 255 255 255 255 255 255 255 255 255 255 255 255 255 255 255 255 255 255 255 255 255 255 255 255 255 69 40 44 44 44 44 44 44 44 44 44 44 42 23 203 255 255 255 255 255 255 255 255 255 255 117 30 44 44 44 44 44 44 44 44 44 44 44 44 42 14 255 255 255 255 255 255 255 255 255 255 255 255 255 255 255 222 13 44 44 44 44 44 44 44 44 44 44 44 30 117 250 255 255 255 255 255 255 255 255 255 255 255 255 255 255 255 27 38 44 44 44 44 44 44 44 44 44 44 44 44 44 44 44 44 44 44 44 44 44 44 44 44 44 44 44 44 44 44 44 44 44 44 44 44 44 44 44 44 44 44 44 44 44 19 222 255 255 255 255 255 255 255 255 255 255 255 255 255 255 255 255 255 255 255 255 255 255
255 255 255 255 143 27 44 44 44 44 44 44 44 44 44 42 59 203 255 255 255 255 255 255 255 255 255 255 255 255 255 255 173 14 44 44 44 44 44 44 44 44 44 44 44 44 42 34 222 255 255 255 255 255 255 255 255 255 203 67 40 44 44 44 44 44 44 44 44 44 44 34 102 243 255 255 255 255 255 255 255 255 255 255 255 255 255 255 255 255 255 255 255 255 255 255 255 255 255 255 255 255 255 255 255 255 255 211 59 42 44 44 44 44 44 44 44 44 44 44 38 95 222 255 255 255 255 255 255 255 255 255 255 117 30 44 44 44 44 44 44 44 44 44 44 44 44 14 182 255 255 255 255 255 255 255 255 255 255 255 255 255 255 255 173 14 44 44 44 44 44 44 44 44 44 44 44 19 166 255 255 255 255 255 255 255 255 255 255 255 255 255 255 255 255 239 59 34 42 44 44 44 44 44 44 44 44 44 44 44 44 44 44 44 44 44 44 44 44 44 44 44 44 44 44 44 44 44 44 44 44 44 44 44 44 44 44 44 44 44 44 42 19 255 255 255 255 255 255 255 255 255 255 255 255 255 255 255 255 255 255 255 255 255 255 255
255 255 255 222 102 38 44 44 44 44 44 44 44 44 44 42 69 250 255 255 255 255 255 255 255 255 255 255 255 255 255 255 239 59 38 44 44 44 44 44 44 44 44 44 44 44 44 38 117 255 255 255 255 255 255 255 255 255 166 23 44 44 44 44 44 44 44 44 44 44 44 34 135 255 255 255 255 255 255 255 255 255 255 255 255 255 255 255 255 255 255 255 255 255 255 255 255 255 255 255 255 255 255 255 255 255 255 149 40 42 44 44 44 44 44 44 44 44 44 44 27 143 243 255 255 255 255 255 255 255 255 255 255 117 30 44 44 44 44 44 44 44 44 44 44 44 27 111 255 255 255 255 255 255 255 255 255 255 255 255 255 255 255 255 105 34 44 44 44 44 44 44 44 44 44 44 44 13 211 255 255 255 255 255 255 255 255 255 255 255 255 255 255 255 255 255 239 111 40 34 44 44 44 44 44 44 44 44 44 44 44 44 44 44 44 44 44 44 44 44 44 44 44 44 44 44 44 44 44 44 44 44 44 44 44 44 44 44 44 44 44 34 105 255 255 255 255 255 255 255 255 255 255 255 255 255 255 255 255 255 255 255 255 255 255 255
255 255 255 194 40 42 44 44 44 44 44 44 44 44 44 34 117 255 255 255 255 255 255 255 255 255 255 255 255 255 255 255 250 173 19 44 44 44 44 44 44 44 44 44 44 44 44 40 69 211 255 255 255 255 255 255 255 239 130 30 44 44 44 44 44 44 44 44 44 44 42 59 194 255 255 255 255 255 255 255 255 255 255 255 255 255 255 255 255 255 255 255 255 255 255 255 255 255 255 255 255 255 255 255 255 255 255 108 34 44 44 44 44 44 44 44 44 44 44 42 30 173 255 255 255 255 255 255 255 255 255 255 255 117 30 44 44 44 44 44 44 44 44 44 44 40 55 227 255 255 255 255 255 255 255 255 255 255 255 255 255 255 255 255 27 42 44 44 44 44 44 44 44 44 44 44 42 34 227 255 255 255 255 255 255 255 255 255 255 255 255 255 255 255 255 255 255 250 166 86 30 34 44 44 44 44 44 44 44 44 44 44 44 44 44 44 44 44 44 44 44 44 44 44 44 44 44 44 44 44 44 44 44 44 44 44 44 44 40 34 30 13 173 255 255 255 255 255 255 255 255 255 255 255 255 255 255 255 255 255 255 255 255 255 255 255
255 255 250 161 23 44 44 44 44 44 44 44 44 44 44 23 203 255 255 255 255 255 255 255 255 255 255 255 255 255 255 255 255 227 86 38 44 44 44 44 44 44 44 44 44 44 44 44 38 135 255 255 255 255 255 255 255 211 71 40 44 44 44 44 44 44 44 44 44 44 40 69 243 255 255 255 255 255 255 255 255 255 255 255 255 255 255 255 255 255 255 255 255 255 255 255 255 255 255 255 255 255 255 255 255 255 222 86 40 44 44 44 44 44 44 44 44 44 44 40 71 203 255 255 255 255 255 255 255 255 255 255 255 117 34 44 44 44 44 44 44 44 44 44 44 19 173 255 255 255 255 255 255 255 255 255 255 255 255 255 255 255 255 239 14 44 44 44 44 44 44 44 44 44 44 44 34 105 239 255 255 255 255 255 255 255 255 255 255 255 255 255 255 255 255 255 255 255 255 222 166 88 14 30 42 44 44 44 44 44 44 44 44 44 44 44 44 44 44 44 44 44 44 44 44 44 44 44 44 44 44 44 44 40 34 27 14 14 59 105 143 173 239 255 255 255 255 255 255 255 255 255 255 255 255 255 255 255 255 255 255 255 255 255 255 255
255 255 227 86 13 14 14 14 14 14 14 14 14 14 14 13 255 255 255 255 255 255 255 255 255 255 255 255 255 255 255 255 255 255 166 13 14 14 14 14 14 14 14 14 14 14 14 14 13 47 203 255 255 255 255 255 255 182 13 14 14 14 14 14 14 14 14 14 14 14 13 95 255 255 255 255 255 255 255 255 255 255 255 255 255 255 255 255 255 255 255 255 255 255 255 255 255 255 255 255 255 255 255 255 255 255 161 13 13 13 13 13 13 13 13 13 13 13 13 13 108 239 255 255 255 255 255 255 255 255 255 255 255 111 13 13 13 13 13 13 13 13 13 13 13 118 239 255 255 255 255 255 255 255 255 255 255 255 255 255 255 255 255 182 13 13 13 13 13 13 13 13 13 13 13 13 13 143 243 255 255 255 255 255 255 255 255 255 255 255 255 255 255 255 255 255 255 255 255 255 255 227 194 130 40 13 23 34 40 44 44 44 44 44 44 44 44 44 44 44 44 44 44 44 44 44 40 34 30 23 14 13 14 59 111 149 182 203 211 227 243 255 255 255 255 255 255 255 255 255 255 255 255 255 255 255 255 255 255 255 255 255 255 255 255 255
255 255 243 203 203 203 203 203 203 203 203 203 203 203 203 203 255 255 255 255 255 255 255 255 255 255 255 255 255 255 255 255 255 255 239 203 203 203 203 203 203 203 203 203 203 203 203 203 203 203 227 255 255 255 255 255 255 227 203 203 203 203 203 203 203 203 203 203 203 203 203 227 255 255 255 255 255 255 255 255 255 255 255 255 255 255 255 255 255 255 255 255 255 255 255 255 255 255 255 255 255 255 255 255 255 255 227 211 211 211 211 211 211 211 211 211 211 211 211 211 227 255 255 255 255 255 255 255 255 255 255 255 255 227 211 211 211 211 211 211 211 211 211 211 211 239 255 255 255 255 255 255 255 255 255 255 255 255 255 255 255 255 255 239 211 211 211 211 211 211 211 211 211 211 211 211 211 239 255 255 255 255 255 255 255 255 255 255 255 255 255 255 255 255 255 255 255 255 255 255 255 255 255 243 227 211 161 111 44 13 13 14 14 14 14 19 19 14 14 14 14 14 13 13 13 13 40 95 130 149 182 211 227 239 239 250 255 255 255 255 255 255 255 255 255 255 255 255 255 255 255 255 255 255 255 255 255 255 255 255 255 255 255 255 255 255
255 255 255 255 255 255 255 255 255 255 255 255 255 255 255 255 255 255 255 255 255 255 255 255 255 255 255 255 255 255 255 255 255 255 255 255 255 255 255 255 255 255 255 255 255 255 255 255 255 255 255 255 255 255 255 255 255 255 255 255 255 255 255 255 255 255 255 255 255 255 255 255 255 255 255 255 255 255 255 255 255 255 255 255 255 255 255 255 255 255 255 255 255 255 255 255 255 255 255 255 255 255 255 255 255 255 255 255 255 255 255 255 255 255 255 255 255 255 255 255 255 255 255 255 255 255 255 255 255 255 255 255 255 255 255 255 255 255 255 255 255 255 255 255 255 255 255 255 255 255 255 255 255 255 255 255 255 255 255 255 255 255 255 255 255 255 255 255 255 255 255 255 255 255 255 255 255 255 255 255 255 255 255 255 255 255 255 255 255 255 255 255 255 255 255 255 255 255 255 255 255 255 255 255 255 255 255 250 250 250 239 211 194 182 173 166 166 166 173 182 190 211 211 227 250 250 250 250 255 255 255 255 255 255 255 255 255 255 255 255 255 255 255 255 255 255 255 255 255 255 255 255 255 255 255 255 255 255 255 255 255 255 255 255 255 255
255 255 255 255 255 255 255 255 255 255 255 255 255 255 255 255 255 255 255 255 255 255 255 255 255 255 255 255 255 255 255 255 255 255 255 255 255 255 255 255 255 255 255 255 255 255 255 255 255 255 255 255 255 255 255 255 255 255 255 255 255 255 255 255 255 255 255 255 255 255 255 255 255 255 255 255 255 255 255 255 255 255 255 255 255 255 255 255 255 255 255 255 255 255 255 255 255 255 255 255 255 255 255 255 255 255 255 255 255 255 255 255 255 255 255 255 255 255 255 255 255 255 255 255 255 255 255 255 255 255 255 255 255 255 255 255 255 255 255 255 255 255 255 255 255 255 255 255 255 255 255 255 255 255 255 255 255 255 255 255 255 255 255 255 255 255 255 255 255 255 255 255 255 255 255 255 255 255 255 255 255 255 255 255 255 255 255 255 255 255 255 255 255 255 255 255 255 255 255 255 255 255 255 255 255 255 255 255 255 255 255 255 255 255 255 255 255 255 255 255 255 255 255 255 255 255 255 255 255 255 255 255 255 255 255 255 255 255 255 255 255 255 255 255 255 255 255 255 255 255 255 255 255 255 255 255 255 255 255 255 255 255 255 255 255 255
255 255 255 255 255 255 255 255 255 255 255 255 255 255 255 255 255 255 255 255 255 255 255 255 255 255 255 255 255 255 255 255 255 255 255 255 255 255 255 255 255 255 255 255 255 255 255 255 255 255 255 255 255 255 255 255 255 255 255 255 255 255 255 255 255 255 255 255 255 255 255 255 255 255 255 255 255 255 255 255 255 255 255 255 255 255 255 255 255 255 255 255 255 255 255 255 255 255 255 255 255 255 255 255 255 255 255 255 255 255 255 255 255 255 255 255 255 255 255 255 255 255 255 255 255 255 255 255 255 255 255 255 255 255 255 255 255 255 255 255 255 255 255 255 255 255 255 255 255 255 255 255 255 255 255 255 255 255 255 255 255 255 255 255 255 255 255 255 255 255 255 255 255 255 255 255 255 255 255 255 255 255 255 255 255 255 255 255 255 255 255 255 255 255 255 255 255 255 255 255 255 255 255 255 255 255 255 255 255 255 255 255 255 255 255 255 255 255 255 255 255 255 255 255 255 255 255 255 255 255 255 255 255 255 255 255 255 255 255 255 255 255 255 255 255 255 255 255 255 255 255 255 255 255 255 255 255 255 255 255 255 255 255 255 255 255
255 255 255 255 255 255 255 255 255 255 255 255 255 255 255 255 255 255 255 255 255 255 255 255 255 255 255 255 255 255 255 255 255 255 255 255 255 255 255 255 255 255 255 255 255 255 255 255 255 255 255 255 255 255 255 255 255 255 255 255 255 255 255 255 255 255 255 255 255 255 255 255 255 255 255 255 255 255 255 255 255 255 255 255 255 255 255 255 255 255 255 255 255 255 255 255 255 255 255 255 255 255 255 255 255 255 255 255 255 255 255 255 255 255 255 255 255 255 255 255 255 255 255 255 255 255 255 255 255 255 255 255 255 255 255 255 255 255 255 255 255 255 255 255 255 255 255 255 255 255 255 255 255 255 255 255 255 255 255 255 255 255 255 255 255 255 255 255 255 255 255 255 255 255 255 255 255 255 255 255 255 255 255 255 255 255 255 255 255 255 255 255 255 255 255 255 255 255 255 255 255 255 255 255 255 255 255 255 255 255 255 255 255 255 255 255 255 255 255 255 255 255 255 255 255 255 255 255 255 255 255 255 255 255 255 255 255 255 255 255 255 255 255 255 255 255 255 255 255 255 255 255 255 255 255 255 255 255 255 255 255 255 255 255 255 255
255 255 255 255 255 255 255 255 255 255 255 255 255 255 255 255 255 255 255 255 255 255 255 255 255 255 255 255 255 255 255 255 255 255 255 255 255 255 255 255 255 255 255 255 255 255 255 255 255 255 255 255 255 255 255 255 255 255 255 255 255 255 255 255 255 255 255 255 255 255 255 255 255 255 255 255 255 255 255 255 255 255 255 255 255 255 255 255 255 255 255 255 255 255 255 255 255 255 255 255 255 255 255 255 255 255 255 255 255 255 255 255 255 255 255 255 255 255 255 255 255 255 255 255 255 255 255 255 255 255 255 255 255 255 255 255 255 255 255 255 255 255 255 255 255 255 255 255 255 255 255 255 255 255 255 255 255 255 255 255 255 255 255 255 255 255 255 255 255 255 255 255 255 255 255 255 255 255 255 255 255 255 255 255 255 255 255 255 255 255 255 255 255 255 255 255 255 255 255 255 255 255 255 255 255 255 255 255 255 255 255 255 255 255 255 255 255 255 255 255 255 255 255 255 255 255 255 255 255 255 255 255 255 255 255 255 255 255 255 255 255 255 255 255 255 255 255 255 255 255 255 255 255 255 255 255 255 255 255 255 255 255 255 255 255 255
255 255 255 255 255 255 255 255 255 255 255 255 255 255 255 255 255 255 255 255 255 255 255 255 255 255 255 255 255 255 255 255 255 255 255 255 255 255 255 255 255 255 255 255 255 255 255 255 255 255 255 255 255 255 255 255 255 255 255 255 255 255 255 255 255 255 255 255 255 255 255 255 255 255 255 255 255 255 255 255 255 255 255 255 255 255 255 255 255 255 255 255 255 255 255 255 255 255 255 255 255 255 255 255 255 255 255 255 255 255 255 255 255 255 255 255 255 255 255 255 255 255 255 255 255 255 255 255 255 255 255 255 255 255 255 255 255 255 255 255 255 255 255 255 255 255 255 255 255 255 255 255 255 255 255 255 255 255 255 255 255 255 255 255 255 255 255 255 255 255 255 255 255 255 255 255 255 255 255 255 255 255 255 255 255 255 255 255 255 255 255 255 255 255 255 255 255 255 255 255 255 255 255 255 255 255 255 255 255 255 255 255 255 255 255 255 255 255 255 255 255 255 255 255 255 255 255 255 255 255 255 255 255 255 255 255 255 255 255 255 255 255 255 255 255 255 255 255 255 255 255 255 255 255 255 255 255 255 255 255 255 255 255 255 255 255
255 255 255 255 255 255 255 255 255 255 255 255 255 255 255 255 255 255 255 255 255 255 255 255 255 255 255 255 255 255 255 255 255 255 255 255 255 255 255 255 255 255 255 255 255 255 255 255 255 255 255 255 255 255 255 255 255 255 255 255 255 255 255 255 255 255 255 255 255 255 255 255 255 255 255 255 255 255 255 255 255 255 255 255 255 255 255 255 255 255 255 255 255 255 255 255 255 255 255 255 255 255 255 255 255 255 255 255 255 255 255 255 255 255 255 255 255 255 255 255 255 255 255 255 255 255 255 255 255 255 255 255 255 255 255 255 255 255 255 255 255 255 255 255 255 255 255 255 255 255 255 255 255 255 255 255 255 255 255 255 255 255 255 255 255 255 255 255 255 255 255 255 255 255 255 255 255 255 255 255 255 255 255 255 255 255 255 255 255 255 255 255 255 255 255 255 255 255 255 255 255 255 255 255 255 255 255 255 255 255 255 255 255 255 255 255 255 255 255 255 255 255 255 255 255 255 255 255 255 255 255 255 255 255 255 255 255 255 255 255 255 255 255 255 255 255 255 255 255 255 255 255 255 255 255 255 255 255 255 255 255 255 255 255 255 255
255 255 255 255 255 255 255 255 255 255 255 255 255 255 255 255 255 255 255 255 255 255 255 255 255 255 255 255 255 255 255 255 255 255 255 255 255 255 255 255 255 255 255 255 255 255 255 255 255 255 255 255 255 255 255 255 255 255 255 255 255 255 255 255 255 255 255 255 255 255 255 255 255 255 255 255 255 255 255 255 255 255 255 255 255 255 255 255 255 255 255 255 255 255 255 255 255 255 255 255 255 255 255 255 255 255 255 255 255 255 255 255 255 255 255 255 255 255 255 255 255 255 255 255 255 255 255 255 255 255 255 255 255 255 255 255 255 255 255 255 255 255 255 255 255 255 255 255 255 255 255 255 255 255 255 255 255 255 255 255 255 255 255 255 255 255 255 255 255 255 255 255 255 255 255 255 255 255 255 255 255 255 255 255 255 255 255 255 255 255 255 255 255 255 255 255 255 255 255 255 255 255 255 255 255 255 255 255 255 255 255 255 255 255 255 255 255 255 255 255 255 255 255 255 255 255 255 255 255 255 255 255 255 255 255 255 255 255 255 255 255 255 255 255 255 255 255 255 255 255 255 255 255 255 255 255 255 255 255 255 255 255 255 255 255 255
255 255 255 255 255 255 255 255 255 255 255 255 255 255 255 255 255 255 255 255 255 255 255 255 255 255 255 255 255 255 255 255 255 255 255 255 255 255 255 255 255 255 255 255 255 255 255 255 255 255 255 255 255 255 255 255 255 255 255 255 255 255 255 255 255 255 255 255 255 255 255 255 255 255 255 255 255 255 255 255 255 255 255 255 255 255 255 255 255 255 255 255 255 255 255 255 255 255 255 255 255 255 255 255 255 255 255 255 255 255 255 255 255 255 255 255 255 255 255 255 255 255 255 255 255 255 255 255 255 255 255 255 255 255 255 255 255 255 255 255 255 255 255 255 255 255 255 255 255 255 255 255 255 255 255 255 255 255 255 255 255 255 255 255 255 255 255 255 255 255 255 255 255 255 255 255 255 255 255 255 255 255 255 255 255 255 255 255 255 255 255 255 255 255 255 255 255 255 255 255 255 255 255 255 255 255 255 255 255 255 255 255 255 255 255 255 255 255 255 255 255 255 255 255 255 255 255 255 255 255 255 255 255 255 255 255 255 255 255 255 255 255 255 255 255 255 255 255 255 255 255 255 255 255 255 255 255 255 255 255 255 255 255 255 255 255
255 255 255 255 255 255 255 255 255 255 255 255 255 255 255 255 255 255 255 255 255 255 255 255 255 255 255 255 255 255 255 255 255 255 255 255 255 255 255 255 255 255 255 255 255 255 255 255 255 255 255 255 255 255 255 255 255 255 255 255 255 255 255 255 255 255 255 255 255 255 255 255 255 255 255 255 255 255 255 255 255 255 255 255 255 255 255 255 255 255 255 255 255 255 255 255 255 255 255 255 255 255 255 255 255 255 255 255 255 255 255 255 255 255 255 255 255 255 255 255 255 255 255 255 255 255 255 255 255 255 255 255 255 255 255 255 255 255 255 255 255 255 255 255 255 255 255 255 255 255 255 255 255 255 255 255 255 255 255 255 255 255 255 255 255 255 255 255 255 255 255 255 255 255 255 255 255 255 255 255 255 255 255 255 255 255 255 255 255 255 255 255 255 255 255 255 255 255 255 255 255 255 255 255 255 255 255 255 255 255 255 255 255 255 255 255 255 255 255 255 255 255 255 255 255 255 255 255 255 255 255 255 255 255 255 255 255 255 255 255 255 255 255 255 255 255 255 255 255 255 255 255 255 255 255 255 255 255 255 255 255 255 255 255 255 255
255 255 255 255 255 255 255 255 255 255 255 255 255 255 255 255 255 255 255 255 255 255 255 255 255 255 255 255 255 255 255 255 255 255 255 255 255 255 255 255 255 255 255 255 255 255 255 255 255 255 255 255 255 255 255 255 255 255 255 255 255 255 255 255 255 255 255 255 255 255 255 255 255 255 255 255 255 255 255 255 255 255 255 255 255 255 255 255 255 255 255 255 255 255 255 255 255 255 255 255 255 255 255 255 255 255 255 255 255 255 255 255 255 255 255 255 255 255 255 255 255 255 255 255 255 255 255 255 255 255 255 255 255 255 255 255 255 255 255 255 255 255 255 255 255 255 255 255 255 255 255 255 255 255 255 255 255 255 255 255 255 255 255 255 255 255 255 255 255 255 255 255 255 255 255 255 255 255 255 255 255 255 255 255 255 255 255 255 255 255 255 255 255 255 255 255 255 255 255 255 255 255 255 255 255 255 255 255 255 255 255 255 255 255 255 255 255 255 255 255 255 255 255 255 255 255 255 255 255 255 255 255 255 255 255 255 255 255 255 255 255 255 255 255 255 255 255 255 255 255 255 255 255 255 255 255 255 255 255 255 255 255 255 255 255 255
255 255 255 255 255 255 255 255 255 255 255 255 255 255 255 255 255 255 255 255 255 255 255 255 255 255 255 255 255 255 255 255 255 255 255 255 255 255 255 255 255 255 255 255 255 255 255 255 255 255 255 255 255 255 255 255 255 255 255 255 255 255 255 255 255 255 255 255 255 255 255 255 255 255 255 255 255 255 255 255 255 255 255 255 255 255 255 255 255 255 255 255 255 255 255 255 255 255 255 255 255 255 255 255 255 255 255 255 255 255 255 255 255 255 255 255 255 255 255 255 255 255 255 255 255 255 255 255 255 255 255 255 255 255 255 255 255 255 255 255 255 255 255 255 255 255 255 255 255 255 255 255 255 255 255 255 255 255 255 255 255 255 255 255 255 255 255 255 255 255 255 255 255 255 255 255 255 255 255 255 255 255 255 255 255 255 255 255 255 255 255 255 255 255 255 255 255 255 255 255 255 255 255 255 255 255 255 255 255 255 255 255 255 255 255 255 255 255 255 255 255 255 255 255 255 255 255 255 255 255 255 255 255 255 255 255 255 255 255 255 255 255 255 255 255 255 255 255 255 255 255 255 255 255 255 255 255 255 255 255 255 255 255 255 255 255
255 255 255 255 255 255 255 255 255 255 255 255 255 255 255 255 255 255 255 255 255 255 255 255 255 255 255 255 255 255 255 255 255 255 255 255 255 255 255 255 255 255 255 255 255 255 255 255 255 255 255 255 255 255 255 255 255 255 255 255 255 255 255 255 255 255 255 255 255 255 255 255 255 255 255 255 255 255 255 255 255 255 255 255 255 255 255 255 255 255 255 255 255 255 255 255 255 255 255 255 255 255 255 255 255 255 255 255 255 255 255 255 255 255 255 255 255 255 255 255 255 255 255 255 255 255 255 255 255 255 255 255 255 255 255 255 255 255 255 255 255 255 255 255 255 255 255 255 255 255 255 255 255 255 255 255 255 255 255 255 255 255 255 255 255 255 255 255 255 255 255 255 255 255 255 255 255 255 255 255 255 255 255 255 255 255 255 255 255 255 255 255 255 255 255 255 255 255 255 255 255 255 255 255 255 255 255 255 255 255 255 255 255 255 255 255 255 255 255 255 255 255 255 255 255 255 255 255 255 255 255 255 255 255 255 255 255 255 255 255 255 255 255 255 255 255 255 255 255 255 255 255 255 255 255 255 255 255 255 255 255 255 255 255 255 255
255 255 255 255 255 255 255 255 255 255 255 255 255 255 255 255 255 255 255 255 255 255 255 255 255 255 255 255 255 255 255 255 255 255 255 255 255 255 255 255 255 255 255 255 255 255 255 255 255 255 255 255 255 255 255 255 255 255 255 255 255 255 255 255 255 255 255 255 255 255 255 255 255 255 255 255 255 255 255 255 255 255 255 255 255 255 255 255 255 255 255 255 255 255 255 255 255 255 255 255 255 255 255 255 255 255 255 255 255 255 255 255 255 255 255 255 255 255 255 255 255 255 255 255 255 255 255 255 255 255 255 255 255 255 255 255 255 255 255 255 255 255 255 255 255 255 255 255 255 255 255 255 255 255 255 255 255 255 255 255 255 255 255 255 255 255 255 255 255 255 255 255 255 255 255 255 255 255 255 255 255 255 255 255 255 255 255 255 255 255 255 255 255 255 255 255 255 255 255 255 255 255 255 255 255 255 255 255 255 255 255 255 255 255 255 255 255 255 255 255 255 255 255 255 255 255 255 255 255 255 255 255 255 255 255 255 255 255 255 255 255 255 255 255 255 255 255 255 255 255 255 255 255 255 255 255 255 255 255 255 255 255 255 255 255 255
255 255 255 255 255 255 255 255 255 255 255 255 255 255 255 255 255 255 255 255 255 255 255 255 255 255 255 255 255 255 255 255 255 255 255 255 255 255 255 255 255 255 255 255 255 255 255 255 255 255 255 255 255 255 255 255 255 255 255 255 255 255 255 255 255 255 255 255 255 255 255 255 255 255 255 255 255 255 255 255 255 255 255 255 255 255 255 255 255 255 255 255 255 255 255 255 255 255 255 255 255 255 255 255 255 255 255 255 255 255 255 255 255 255 255 255 255 255 255 255 255 255 255 255 255 255 255 255 255 255 255 255 255 255 255 255 255 255 255 255 255 255 255 255 255 255 255 255 255 255 255 255 255 255 255 255 255 255 255 255 255 255 255 255 255 255 255 255 255 255 255 255 255 255 255 255 255 255 255 255 255 255 255 255 255 255 255 255 255 255 255 255 255 255 255 255 255 255 255 255 255 255 255 255 255 255 255 255 255 255 255 255 255 255 255 255 255 255 255 255 255 255 255 255 255 255 255 255 255 255 255 255 255 255 255 255 255 255 255 255 255 255 255 255 255 255 255 255 255 255 255 255 255 255 255 255 255 255 255 255 255 255 255 255 255 255
255 255 255 255 255 255 255 255 255 255 255 255 255 255 255 255 255 255 255 255 255 255 255 255 255 255 255 255 255 255 255 255 255 255 255 255 255 255 255 255 255 255 255 255 255 255 255 255 255 255 255 255 255 255 255 255 255 255 255 255 255 255 255 255 255 255 255 255 255 255 255 255 255 255 255 255 255 255 255 255 255 255 255 255 255 255 255 255 255 255 255 255 255 255 255 255 255 255 255 255 255 255 255 255 255 255 255 255 255 255 255 255 255 255 255 255 255 255 255 255 255 255 255 255 255 255 255 255 255 255 255 255 255 255 255 255 255 255 255 255 255 255 255 255 255 255 255 255 255 255 255 255 255 255 255 255 255 255 255 255 255 255 255 255 255 255 255 255 255 255 255 255 255 255 255 255 255 255 255 255 255 255 255 255 255 255 255 255 255 255 255 255 255 255 255 255 255 255 255 255 255 255 255 255 255 255 255 255 255 255 255 255 255 255 255 255 255 255 255 255 255 255 255 255 255 255 255 255 255 255 255 255 255 255 255 255 255 255 255 255 255 255 255 255 255 255 255 255 255 255 255 255 255 255 255 255 255 255 255 255 255 255 255 255 255 255
255 255 255 255 255 255 255 255 255 255 255 255 255 255 255 255 255 255 255 255 255 255 255 255 255 255 255 255 255 255 255 255 255 255 255 255 255 255 255 255 255 255 255 255 255 255 255 255 255 255 255 255 255 255 255 255 255 255 255 255 255 255 255 255 255 255 255 255 255 255 255 255 255 255 255 255 255 255 255 255 255 255 255 255 255 255 255 255 255 255 255 255 255 255 255 255 255 255 255 255 255 255 255 255 255 255 255 255 255 255 255 255 255 255 255 255 255 255 255 255 255 255 255 255 255 255 255 255 255 255 255 255 255 255 255 255 255 255 255 255 255 255 255 255 255 255 255 255 255 255 255 255 255 255 255 255 255 255 255 255 255 255 255 255 255 255 255 255 255 255 255 255 255 255 255 255 255 255 255 255 255 255 255 255 255 255 255 255 255 255 255 255 255 255 255 255 255 255 255 255 255 255 255 255 255 255 255 255 255 255 255 255 255 255 255 255 255 255 255 255 255 255 255 255 255 255 255 255 255 255 255 255 255 255 255 255 255 255 255 255 255 255 255 255 255 255 255 255 255 255 255 255 255 255 255 255 255 255 255 255 255 255 255 255 255 255
255 255 255 255 255 255 255 255 255 255 255 255 255 255 255 255 255 255 255 255 255 255 255 255 255 255 255 255 255 255 255 255 255 255 255 255 255 255 255 255 255 255 255 255 255 255 255 255 255 255 255 255 255 255 255 255 255 255 255 255 255 255 255 255 255 255 255 255 255 255 255 255 255 255 255 255 255 255 255 255 255 255 255 255 255 255 255 255 255 255 255 255 255 255 255 255 255 255 255 255 255 255 255 255 255 255 255 255 255 255 255 255 255 255 255 255 255 255 255 255 255 255 255 255 255 255 255 255 255 255 255 255 255 255 255 255 255 255 255 255 255 255 255 255 255 255 255 255 255 255 255 255 255 255 255 255 255 255 255 255 255 255 255 255 255 255 255 255 255 255 255 255 255 255 255 255 255 255 255 255 255 255 255 255 255 255 255 255 255 255 255 255 255 255 255 255 255 255 255 255 255 255 255 255 255 255 255 255 255 255 255 255 255 255 255 255 255 255 255 255 255 255 255 255 255 255 255 255 255 255 255 255 255 255 255 255 255 255 255 255 255 255 255 255 255 255 255 255 255 255 255 255 255 255 255 255 255 255 255 255 255 255 255 255 255 255
255 255 255 255 255 255 255 255 255 255 255 255 255 255 255 255 255 255 255 255 255 255 255 255 255 255 255 255 255 255 255 255 255 255 255 255 255 255 255 255 255 255 255 255 255 255 255 255 255 255 255 255 255 255 255 255 255 255 255 255 255 255 255 255 255 255 255 255 255 255 255 255 255 255 255 255 255 255 255 255 255 255 255 255 255 255 255 255 255 255 255 255 255 255 255 255 255 255 255 255 255 255 255 255 255 255 255 255 255 255 255 255 255 255 255 255 255 255 255 255 255 255 255 255 255 255 255 255 255 255 255 255 255 255 255 255 255 255 255 255 255 255 255 255 255 255 255 255 255 255 255 255 255 255 255 255 255 255 255 255 255 255 255 255 255 255 255 255 255 255 255 255 255 255 255 255 255 255 255 255 255 255 255 255 255 255 255 255 255 255 255 255 255 255 255 255 255 255 255 255 255 255 255 255 255 255 255 255 255 255 255 255 255 255 255 255 255 255 255 255 255 255 255 255 255 255 255 255 255 255 255 255 255 255 255 255 255 255 255 255 255 255 255 255 255 255 255 255 255 255 255 255 255 255 255 255 255 255 255 255 255 255 255 255 255 255
255 255 255 255 255 255 255 255 255 255 255 255 255 255 255 255 255 255 255 255 255 255 255 255 255 255 255 255 255 255 255 255 255 255 255 255 255 255 255 255 255 255 255 255 255 255 255 255 255 255 255 255 255 255 255 255 255 255 255 255 255 255 255 255 255 255 255 255 255 255 255 255 255 255 255 255 255 255 255 255 255 255 255 255 255 255 255 255 255 255 255 255 255 255 255 255 255 255 255 255 255 255 255 255 255 255 255 255 255 255 255 255 255 255 255 255 255 255 255 255 255 255 255 255 255 255 255 255 255 255 255 255 255 255 255 255 255 255 255 255 255 255 255 255 255 255 255 255 255 255 255 255 255 255 255 255 255 255 255 255 255 255 255 255 255 255 255 255 255 255 255 255 255 255 255 255 255 255 255 255 255 255 255 255 255 255 255 255 255 255 255 255 255 255 255 255 255 255 255 255 255 255 255 255 255 255 255 255 255 255 255 255 255 255 255 255 255 255 255 255 255 255 255 255 255 255 255 255 255 255 255 255 255 255 255 255 255 255 255 255 255 255 255 255 255 255 255 255 255 255 255 255 255 255 255 255 255 255 255 255 255 255 255 255 255 255
255 255 255 255 255 255 255 255 255 255 255 255 255 255 255 255 255 255 255 255 255 255 255 255 255 255 255 255 255 255 255 255 255 255 255 255 255 255 255 255 255 255 255 255 255 255 255 255 255 255 255 255 255 255 255 255 255 255 255 255 255 255 255 255 255 255 255 255 255 255 255 255 255 255 255 255 255 255 255 255 255 255 255 255 255 255 255 255 255 255 255 255 255 255 255 255 255 255 255 255 255 255 255 255 255 255 255 255 255 255 255 255 255 255 255 255 255 255 255 255 255 255 255 255 255 255 255 255 255 255 255 255 255 255 255 255 255 255 255 255 255 255 255 255 255 255 255 255 255 255 255 255 255 255 255 255 255 255 255 255 255 255 255 255 255 255 255 255 255 255 255 255 255 255 255 255 255 255 255 255 255 255 255 255 255 255 255 255 255 255 255 255 255 255 255 255 255 255 255 255 255 255 255 255 255 255 255 255 255 255 255 255 255 255 255 255 255 255 255 255 255 255 255 255 255 255 255 255 255 255 255 255 255 255 255 255 255 255 255 255 255 255 255 255 255 255 255 255 255 255 255 255 255 255 255 255 255 255 255 255 255 255 255 255 255 255
255 255 255 255 255 255 255 255 255 255 255 255 255 255 255 255 255 255 255 255 255 255 255 255 255 255 255 255 255 255 255 255 255 255 255 255 255 255 255 255 255 255 255 255 255 255 255 255 255 255 255 255 255 255 255 255 255 255 255 255 255 255 255 255 255 255 255 255 255 255 255 255 255 255 255 255 255 255 255 255 255 255 255 255 255 255 255 255 255 255 255 255 255 255 255 255 255 255 255 255 255 255 255 255 255 255 255 255 255 255 255 255 255 255 255 255 255 255 255 255 255 255 255 255 255 255 255 255 255 255 255 255 255 255 255 255 255 255 255 255 255 255 255 255 255 255 255 255 255 255 255 255 255 255 255 255 255 255 255 255 255 255 255 255 255 255 255 255 255 255 255 255 255 255 255 255 255 255 255 255 255 255 255 255 255 255 255 255 255 255 255 255 255 255 255 255 255 255 255 255 255 255 255 255 255 255 255 255 255 255 255 255 255 255 255 255 255 255 255 255 255 255 255 255 255 255 255 255 255 255 255 255 255 255 255 255 255 255 255 255 255 255 255 255 255 255 255 255 255 255 255 255 255 255 255 255 255 255 255 255 255 255 255 255 255 255
255 255 255 255 255 255 255 255 255 255 255 255 255 255 255 255 255 255 255 255 255 255 255 255 255 255 255 255 255 255 255 255 255 255 255 255 255 255 255 255 255 255 255 255 255 255 255 255 255 255 255 255 255 255 255 255 255 255 255 255 255 255 255 255 255 255 255 255 255 255 255 255 255 255 255 255 255 255 255 255 255 255 255 255 255 255 255 255 255 255 255 255 255 255 255 255 255 255 255 255 255 255 255 255 255 255 255 255 255 255 255 255 255 255 255 255 255 255 255 255 255 255 255 255 255 255 255 255 255 255 255 255 255 255 255 255 255 255 255 255 255 255 255 255 255 255 255 255 255 255 255 255 255 255 255 255 255 255 255 255 255 255 255 255 255 255 255 255 255 255 255 255 255 255 255 255 255 255 255 255 255 255 255 255 255 255 255 255 255 255 255 255 255 255 255 255 255 255 255 255 255 255 255 255 255 255 255 255 255 255 255 255 255 255 255 255 255 255 255 255 255 255 255 255 255 255 255 255 255 255 255 255 255 255 255 255 255 255 255 255 255 255 255 255 255 255 255 255 255 255 255 255 255 255 255 255 255 255 255 255 255 255 255 255 255 255
